Algorithms,Algorithm_ID,DPA_METHODS,FEE_METHODS,FES_METHODS,CLF_METHODS,END_METHODS,END_TO_END_METHODS,DPA_METHODS_ID,FEE_METHODS_ID,FES_METHODS_ID,CLF_METHODS_ID,END_METHODS_ID,END_TO_END_METHODS_ID,train_score,test_score,trainacc_0,testacc_0,traintime_0,testtime_0,trainacc_1,testacc_1,traintime_1,testtime_1,trainacc_2,testacc_2,traintime_2,testtime_2,trainacc_3,testacc_3,traintime_3,testtime_3,trainacc_4,testacc_4,traintime_4,testtime_4,trainacc_5,testacc_5,traintime_5,testtime_5,mean_trainacc,mean_testacc,mean_traintime,mean_testtime
TLDUMMY-SBLEST,"[0, 0, 0, 0, 0, 3]",TLDUMMY,,,,,SBLEST,0,0,0,0,0,3,0.998666667,0.533333333,1,0.933333333,132.9321241,0.492348909,0.996,0.543333333,67.32328699,0.502758503,1,0.702222222,62.67123873,0.517570472,1,0.717777778,84.95831468,0.458836508,1,0.693333333,62.88812525,0.484981108,0.998666667,0.533333333,56.60953455,0.518649054,0.999111111,0.687222222,77.89710404,0.495857426
EA-TS-LR,"[1, 5, 0, 3, 0, 0]",EA,TS,,LR,,,1,5,0,3,0,0,0.788666667,0.683333333,0.811333333,0.586666667,0.247110009,0.211389995,0.978,0.754444444,0.251639605,0.205744457,0.934,0.652222222,0.243550634,0.204614258,0.932,0.716666667,0.23175683,0.202645826,0.602,0.642222222,0.23036027,0.198344851,0.788666667,0.683333333,0.252050257,0.206564283,0.841,0.672592593,0.242744601,0.204883945
RA-TS-LR,"[2, 5, 0, 3, 0, 0]",RA,TS,,LR,,,2,5,0,3,0,0,0.780666667,0.702222222,0.826666667,0.56,0.240275598,0.203389478,0.974,0.756666667,0.240011096,0.207259703,0.936666667,0.651111111,0.251662588,0.207321692,0.946,0.712222222,0.24654026,0.20967226,0.600666667,0.641111111,0.239483809,0.199300027,0.780666667,0.702222222,0.244279575,0.181503844,0.844111111,0.670555556,0.243708821,0.201407834
TLDUMMY-TS-LR,"[0, 5, 0, 3, 0, 0]",TLDUMMY,TS,,LR,,,0,5,0,3,0,0,0.966,0.692222222,0.983333333,0.566666667,0.251685286,0.204575276,0.999333333,0.758888889,0.246849799,0.206883216,0.992666667,0.653333333,0.238488674,0.20225513,0.993333333,0.708888889,0.235265875,0.229246879,0.998666667,0.632222222,0.232913327,0.204666257,0.966,0.692222222,0.25066061,0.210748577,0.988888889,0.668703704,0.242643929,0.209729222
TLDUMMY-TS-PCA-LDA,"[0, 5, 5, 2, 0, 0]",TLDUMMY,TS,PCA,LDA,,,0,5,5,2,0,0,0.781333333,0.667777778,0.837333333,0.546666667,0.242921209,0.203309584,0.950666667,0.726666667,0.25631268,0.193926311,0.956666667,0.713333333,0.246026587,0.208579731,0.908666667,0.7,0.241138268,0.204639125,0.858666667,0.654444444,0.241194844,0.213875246,0.781333333,0.667777778,0.277949023,0.217046046,0.882222222,0.668148148,0.250923769,0.206896007
EA-SBLEST,"[1, 0, 0, 0, 0, 3]",EA,,,,,SBLEST,1,0,0,0,0,3,0.909333333,0.51,0.986,0.918888889,132.235746,0.609935331,0.792,0.523333333,63.88802805,0.567726374,0.982666667,0.685555556,62.63143389,0.587496328,0.954,0.694444444,101.5965434,0.518454242,0.997333333,0.673333333,62.66607616,0.556355047,0.909333333,0.51,58.16082811,0.596789265,0.936888889,0.667592593,80.1964426,0.572792765
RA-ABC-FGMDM,"[2, 0, 0, 0, 4, 0]",RA,,,,ABC-FGMDM,,2,0,0,0,4,0,0.619333333,0.618888889,0.915333333,0.551111111,2.634648585,0.383659792,0.988,0.755555556,2.001777935,0.264554191,0.843333333,0.672222222,0.784826398,0.199564552,0.977333333,0.703333333,0.68592093,0.208194971,0.977333333,0.703333333,0.68592093,0.208194971,0.619333333,0.618888889,2.191767645,0.274926877,0.886777778,0.667407407,1.49747707,0.256515892
EA-TS-MLP,"[1, 5, 0, 11, 0, 0]",EA,TS,,MLP,,,1,5,0,11,0,0,0.921333333,0.657777778,0.83,0.576666667,0.989960599,0.231720734,0.998666667,0.758888889,0.90439322,0.217362118,0.934666667,0.658888889,0.930721784,0.209707904,0.968666667,0.695555556,0.973643804,0.21536572,0.602,0.652222222,0.903340793,0.211446929,0.921333333,0.657777778,1.029641414,0.226620674,0.875888889,0.666666667,0.955283602,0.218704013
RA-FGMDM-ETC,"[2, 4, 0, 7, 0, 0]",RA,FGMDM,,ETC,,,2,4,0,7,0,0,0.758,0.661111111,0.914,0.57,0.360888696,0.26537447,0.986666667,0.761111111,0.348646641,0.253893542,0.866,0.668888889,0.342753148,0.242136788,0.982666667,0.698888889,0.329451323,0.26146462,0.609333333,0.633333333,0.314273167,0.25031333,0.758,0.661111111,0.339402914,0.233289599,0.852777778,0.665555556,0.339235981,0.251078725
RA-SBLEST,"[2, 0, 0, 0, 0, 3]",RA,,,,,SBLEST,2,0,0,0,0,3,0.928,0.507777778,0.998,0.921111111,132.4440851,0.604856849,0.912,0.522222222,62.79715576,0.571678257,0.992666667,0.681111111,61.68232749,0.583720016,0.972,0.69,102.8100895,0.535664964,0.996666667,0.667777778,62.69147575,0.552181268,0.928,0.507777778,57.82463291,0.613314724,0.966555556,0.665,80.04162774,0.57690268
RA-TS-MLP,"[2, 5, 0, 11, 0, 0]",RA,TS,,MLP,,,2,5,0,11,0,0,0.925333333,0.661111111,0.87,0.576666667,1.009932089,0.222137022,1,0.743333333,0.912705541,0.22983253,0.920666667,0.667777778,0.912377119,0.226482677,0.972666667,0.691111111,0.971096516,0.223983955,0.601333333,0.647777778,0.895628357,0.21067028,0.925333333,0.661111111,0.993605852,0.207838917,0.881666667,0.66462963,0.949224246,0.220157564
TLDUMMY-TS-PCA-LR,"[0, 5, 5, 3, 0, 0]",TLDUMMY,TS,PCA,LR,,,0,5,5,3,0,0,0.783333333,0.657777778,0.838,0.548888889,0.248061681,0.204140329,0.954,0.744444444,0.253013444,0.195468593,0.961333333,0.677777778,0.241664386,0.202984309,0.914666667,0.69,0.246991825,0.204435325,0.858,0.667777778,0.232549238,0.210736108,0.783333333,0.657777778,0.261223388,0.22103622,0.884888889,0.664444444,0.24725066,0.206466814
RA-FGMDM-MLP,"[2, 4, 0, 11, 0, 0]",RA,FGMDM,,MLP,,,2,4,0,11,0,0,0.743333333,0.662222222,0.91,0.568888889,0.593099308,0.263635612,0.988,0.754444444,0.5147717,0.236589932,0.860666667,0.665555556,0.666818094,0.263812041,0.976,0.708888889,0.575096464,0.249273276,0.619333333,0.625555556,0.575402856,0.239723444,0.743333333,0.662222222,0.607320952,0.233498764,0.849555556,0.664259259,0.588751562,0.247755512
EA-TS-PCA-LR,"[1, 5, 5, 3, 0, 0]",EA,TS,PCA,LR,,,1,5,5,3,0,0,0.722,0.671111111,0.763333333,0.567777778,0.240194201,0.20877409,0.942666667,0.76,0.245661211,0.203387761,0.913333333,0.658888889,0.239831591,0.224156427,0.865333333,0.693333333,0.234407091,0.201586103,0.637333333,0.633333333,0.223739219,0.200690675,0.722,0.671111111,0.255235505,0.22317338,0.807333333,0.664074074,0.239844803,0.210294739
RA-FGMDM-SVM,"[2, 4, 0, 1, 0, 0]",RA,FGMDM,,SVM,,,2,4,0,1,0,0,0.738666667,0.665555556,0.914666667,0.558888889,0.802343631,0.266313672,0.986666667,0.758888889,0.807131362,0.278766251,0.853333333,0.667777778,0.883669591,0.266520548,0.978,0.705555556,0.721289158,0.209673882,0.620666667,0.625555556,0.738680196,0.245143199,0.738666667,0.665555556,0.806010103,0.249283695,0.848666667,0.663703704,0.79318734,0.252616874
EA-FGMDM-LR,"[1, 4, 0, 3, 0, 0]",EA,FGMDM,,LR,,,1,4,0,3,0,0,0.748666667,0.656666667,0.910666667,0.567777778,0.245168281,0.249486613,0.988666667,0.75,0.251520324,0.229123712,0.84,0.664444444,0.242001081,0.257804775,0.970666667,0.702222222,0.234934735,0.252152896,0.618,0.64,0.239122295,0.246687341,0.748666667,0.656666667,0.248091769,0.238336563,0.846111111,0.663518519,0.243473081,0.24559865
RA-FGMDM-LDA,"[2, 4, 0, 2, 0, 0]",RA,FGMDM,,LDA,,,2,4,0,2,0,0,0.740666667,0.66,0.911333333,0.561111111,0.25121336,0.254159832,0.986666667,0.754444444,0.25236764,0.238642216,0.852,0.667777778,0.255680513,0.274970007,0.977333333,0.71,0.222434735,0.248284054,0.620666667,0.625555556,0.226266909,0.242533302,0.740666667,0.66,0.274684548,0.312732935,0.848111111,0.663148148,0.247107951,0.261887058
EA-FGMDM-MLP,"[1, 4, 0, 11, 0, 0]",EA,FGMDM,,MLP,,,1,4,0,11,0,0,0.750666667,0.651111111,0.905333333,0.566666667,0.579684925,0.265297604,0.988,0.751111111,0.53687911,0.23352201,0.854,0.667777778,0.558277178,0.26527493,0.97,0.701111111,0.61721437,0.263251019,0.618666667,0.64,0.561114669,0.256920147,0.750666667,0.651111111,0.61264925,0.24875071,0.847777778,0.662962963,0.577636584,0.255502737
EA-FGMDM-LDA,"[1, 4, 0, 2, 0, 0]",EA,FGMDM,,LDA,,,1,4,0,2,0,0,0.748666667,0.654444444,0.910666667,0.566666667,0.258600903,0.244692278,0.988666667,0.75,0.241410112,0.251302314,0.844666667,0.668888889,0.244732141,0.245874977,0.970666667,0.7,0.234829831,0.236461377,0.618666667,0.637777778,0.234765267,0.24512167,0.748666667,0.654444444,0.243110394,0.233039331,0.847,0.662962963,0.242908108,0.242748658
RA-FGMDM-LR,"[2, 4, 0, 3, 0, 0]",RA,FGMDM,,LR,,,2,4,0,3,0,0,0.74,0.661111111,0.91,0.561111111,0.239874697,0.248094678,0.986666667,0.754444444,0.241286373,0.265485358,0.850666667,0.668888889,0.267049122,0.263938141,0.977333333,0.705555556,0.230907273,0.235691357,0.62,0.625555556,0.224193025,0.244624209,0.74,0.661111111,0.262072635,0.248751235,0.847444444,0.662777778,0.244230521,0.251097496
RA-TS-LDA,"[2, 5, 0, 2, 0, 0]",RA,TS,,LDA,,,2,5,0,2,0,0,0.739333333,0.662222222,0.912,0.564444444,0.332443571,0.195255423,0.987333333,0.753333333,0.331207848,0.200917864,0.844666667,0.672222222,0.34162612,0.205681825,0.977333333,0.703333333,0.335009766,0.211450601,0.618666667,0.621111111,0.332389259,0.217303753,0.739333333,0.662222222,0.314722323,0.195149446,0.846555556,0.662777778,0.331233148,0.204293152
EA-FGMDM-KNN,"[1, 4, 0, 4, 0, 0]",EA,FGMDM,,KNN,,,1,4,0,4,0,0,0.759333333,0.65,0.907333333,0.566666667,0.248164797,0.266894341,0.985333333,0.753333333,0.248868227,0.253616452,0.866666667,0.657777778,0.24157331,0.244899702,0.972666667,0.708888889,0.232419395,0.239814472,0.614,0.635555556,0.226253557,0.259429145,0.759333333,0.65,0.251074982,0.259669566,0.850888889,0.662037037,0.241392378,0.254053946
RA-FGMDM-KNN,"[2, 4, 0, 4, 0, 0]",RA,FGMDM,,KNN,,,2,4,0,4,0,0,0.751333333,0.657777778,0.910666667,0.564444444,0.250682473,0.260084724,0.985333333,0.748888889,0.259361792,0.236366439,0.870666667,0.661111111,0.27531836,0.280467582,0.973333333,0.708888889,0.24133954,0.256858301,0.617333333,0.631111111,0.225078201,0.245776105,0.751333333,0.657777778,0.246915865,0.241149092,0.851444444,0.662037037,0.249782705,0.253450374
RA-TS-ANOVA-P-LR,"[2, 5, 2, 3, 0, 0]",RA,TS,ANOVA-P,LR,,,2,5,2,3,0,0,0.716666667,0.632222222,0.835333333,0.573333333,0.251035547,0.207872343,0.934,0.758888889,0.251557136,0.20560925,0.909333333,0.672222222,0.246807456,0.18746078,0.882,0.683333333,0.227645874,0.18601954,0.621333333,0.652222222,0.238689184,0.197470617,0.716666667,0.632222222,0.275995588,0.24642055,0.816444444,0.662037037,0.248621798,0.20514218
EA-TS-LDA,"[1, 5, 0, 2, 0, 0]",EA,TS,,LDA,,,1,5,0,2,0,0,0.748,0.655555556,0.91,0.562222222,0.329359317,0.210283852,0.988,0.747777778,0.344191742,0.209066653,0.833333333,0.664444444,0.31928575,0.187405229,0.97,0.702222222,0.309019494,0.215486741,0.618,0.637777778,0.30683248,0.20043807,0.748,0.655555556,0.347900701,0.215281558,0.844555556,0.661666667,0.326098247,0.206327017
RA-FGMDM-GNB,"[2, 4, 0, 10, 0, 0]",RA,FGMDM,,GNB,,,2,4,0,10,0,0,0.742,0.66,0.910666667,0.571111111,0.250621295,0.246205449,0.988,0.754444444,0.251720643,0.227412033,0.882,0.656666667,0.279872084,0.283281374,0.979333333,0.698888889,0.240155745,0.22357316,0.619333333,0.628888889,0.231220484,0.246313858,0.742,0.66,0.244121122,0.22987504,0.853555556,0.661666667,0.249618562,0.242776819
EA-FGMDM-SVM,"[1, 4, 0, 1, 0, 0]",EA,FGMDM,,SVM,,,1,4,0,1,0,0,0.747333333,0.654444444,0.911333333,0.563333333,0.861359644,0.260837483,0.987333333,0.746666667,0.765921903,0.256703258,0.846666667,0.672222222,0.773966742,0.252831483,0.972,0.7,0.850626588,0.253099227,0.62,0.632222222,0.760076475,0.260083055,0.747333333,0.654444444,0.803306746,0.252139544,0.847444444,0.661481481,0.802543016,0.255949008
RA-TS-PCA-LR,"[2, 5, 5, 3, 0, 0]",RA,TS,PCA,LR,,,2,5,5,3,0,0,0.726666667,0.671111111,0.768666667,0.55,0.24940002,0.228156638,0.934,0.757777778,0.250093317,0.206583405,0.913333333,0.677777778,0.243522429,0.198538542,0.883333333,0.687777778,0.241872573,0.192970467,0.637333333,0.623333333,0.22936964,0.2070544,0.726666667,0.671111111,0.27798245,0.224494553,0.810555556,0.661296296,0.248706738,0.209633001
RA-FGMDM-RFC,"[2, 4, 0, 6, 0, 0]",RA,FGMDM,,RFC,,,2,4,0,6,0,0,0.563333333,0.658888889,0.906666667,0.571111111,0.402896047,0.265888381,0.986,0.752222222,0.386384249,0.239585829,0.794,0.657777778,0.428635001,0.276421523,0.959333333,0.686666667,0.383515263,0.253762794,0.508,0.634444444,0.391193295,0.266232514,0.563333333,0.658888889,0.375191855,0.23633666,0.786222222,0.660185185,0.394635952,0.256371284
EA-FGMDM-ETC,"[1, 4, 0, 7, 0, 0]",EA,FGMDM,,ETC,,,1,4,0,7,0,0,0.756,0.656666667,0.911333333,0.558888889,0.342033458,0.258942604,0.984666667,0.75,0.340294838,0.260305047,0.858666667,0.657777778,0.343133974,0.243279433,0.974,0.696666667,0.327620935,0.243674469,0.612666667,0.64,0.308064294,0.235436606,0.756,0.656666667,0.34925468,0.239007545,0.849555556,0.66,0.33506703,0.246774284
EA-FGMDM-GNB,"[1, 4, 0, 10, 0, 0]",EA,FGMDM,,GNB,,,1,4,0,10,0,0,0.749333333,0.646666667,0.902,0.566666667,0.239178252,0.242654371,0.987333333,0.75,0.244103646,0.237942052,0.878,0.652222222,0.240294766,0.243738794,0.974666667,0.704444444,0.23106966,0.24022007,0.618666667,0.638888889,0.218142319,0.222621322,0.749333333,0.646666667,0.253431439,0.23886981,0.851666667,0.659814815,0.237703347,0.237674403
RA-FGMDM-GBC,"[2, 4, 0, 9, 0, 0]",RA,FGMDM,,GBC,,,2,4,0,9,0,0,0.628666667,0.656666667,0.894666667,0.567777778,0.31969099,0.226620436,0.980666667,0.75,0.333640504,0.25379312,0.768666667,0.654444444,0.365991116,0.270331454,0.979333333,0.696666667,0.297980165,0.240312195,0.392,0.632222222,0.309459424,0.248443031,0.628666667,0.656666667,0.302262425,0.230114341,0.774,0.65962963,0.321504104,0.244935763
TLDUMMY-ABC-TS-PCA-LDA,"[0, 0, 0, 0, 15, 0]",TLDUMMY,,,,ABC-TS-PCA-LDA,,0,0,0,0,15,0,0.782666667,0.668888889,0.838,0.547777778,0.7712883,0.161834431,0.948,0.704444444,0.807562017,0.172172785,0.955333333,0.675555556,0.969690394,0.198445368,0.903333333,0.702222222,0.749981594,0.147293115,0.859333333,0.654444444,0.930450988,0.203173161,0.782666667,0.668888889,0.762379384,0.177045751,0.881111111,0.658888889,0.831892113,0.176660768
RA-FGMDM-DTC,"[2, 4, 0, 5, 0, 0]",RA,FGMDM,,DTC,,,2,4,0,5,0,0,0.721333333,0.646666667,0.894666667,0.567777778,0.241364551,0.254215956,0.98,0.75,0.240460157,0.231018353,0.77,0.656666667,0.295378184,0.290884924,0.976666667,0.693333333,0.239788055,0.249422336,0.39,0.631111111,0.226908302,0.248740363,0.721333333,0.646666667,0.243884444,0.23428421,0.788777778,0.657592593,0.247963949,0.25142769
TLDUMMY-TS-MLP,"[0, 5, 0, 11, 0, 0]",TLDUMMY,TS,,MLP,,,0,5,0,11,0,0,1,0.636666667,1,0.563333333,1.019655752,0.218368936,1,0.755555556,0.890791607,0.218338799,1,0.667777778,0.912332606,0.212566924,1,0.696666667,1.005889106,0.199383307,1,0.624444444,0.927736259,0.210512471,1,0.636666667,1.079499316,0.237239122,1,0.657407407,0.972650774,0.21606826
RA-FGMDM-ABC,"[2, 4, 0, 8, 0, 0]",RA,FGMDM,,ABC,,,2,4,0,8,0,0,0.702666667,0.662222222,0.892666667,0.566666667,0.290806246,0.216258168,0.982,0.743333333,0.285179019,0.212608528,0.762,0.657777778,0.261970925,0.242722511,0.955333333,0.682222222,0.232841539,0.245537901,0.392,0.632222222,0.301262808,0.245492458,0.702666667,0.662222222,0.251086307,0.227173615,0.781111111,0.657407407,0.270524474,0.231632197
EA-FGMDM-GBC,"[1, 4, 0, 9, 0, 0]",EA,FGMDM,,GBC,,,1,4,0,9,0,0,0.566666667,0.645555556,0.908,0.558888889,0.315912247,0.243535995,0.985333333,0.741111111,0.314764595,0.231886196,0.746,0.655555556,0.302811623,0.230755019,0.944666667,0.7,0.307860661,0.249013638,0.485333333,0.641111111,0.311903405,0.248327947,0.566666667,0.645555556,0.316114569,0.240122461,0.772666667,0.657037037,0.311561183,0.240606876
RA-TS-PCA-SVM,"[2, 5, 5, 1, 0, 0]",RA,TS,PCA,SVM,,,2,5,5,1,0,0,0.745333333,0.68,0.704,0.563333333,0.273522878,0.208210397,0.944666667,0.735555556,0.256808734,0.202573824,0.895333333,0.662222222,0.257595658,0.210248685,0.899333333,0.692222222,0.251390982,0.199346685,0.646,0.605555556,0.245585704,0.206084752,0.745333333,0.68,0.294591165,0.220606923,0.805777778,0.656481481,0.263249187,0.207845211
EA-FGMDM-RFC,"[1, 4, 0, 6, 0, 0]",EA,FGMDM,,RFC,,,1,4,0,6,0,0,0.66,0.642222222,0.911333333,0.557777778,0.388007832,0.241679192,0.984666667,0.747777778,0.38774209,0.250808167,0.804,0.651111111,0.383721948,0.260275102,0.973333333,0.696666667,0.364610863,0.25514183,0.554666667,0.642222222,0.365049887,0.238369203,0.66,0.642222222,0.397845817,0.23222549,0.814666667,0.656296296,0.381163073,0.246416497
EA-TS-PCA-SVM,"[1, 5, 5, 1, 0, 0]",EA,TS,PCA,SVM,,,1,5,5,1,0,0,0.750666667,0.674444444,0.694666667,0.556666667,0.263516641,0.202050543,0.944,0.728888889,0.266569877,0.213094044,0.897333333,0.661111111,0.2631042,0.193886924,0.894,0.702222222,0.256028295,0.201864314,0.647333333,0.611111111,0.26144743,0.195481634,0.750666667,0.674444444,0.269897342,0.209164691,0.804666667,0.655740741,0.263427297,0.202590358
RA-TS-ANOVA-P-SVM,"[2, 5, 2, 1, 0, 0]",RA,TS,ANOVA-P,SVM,,,2,5,2,1,0,0,0.708666667,0.631111111,0.833333333,0.585555556,0.262261462,0.21977582,0.948666667,0.74,0.253309321,0.217664814,0.880666667,0.663333333,0.248608327,0.196077585,0.919333333,0.683333333,0.249261856,0.187066388,0.67,0.63,0.237752581,0.201952529,0.708666667,0.631111111,0.281766486,0.211582828,0.826777778,0.655555556,0.255493339,0.205686661
TLDUMMY-TS-RFECV-LR,"[0, 5, 8, 3, 0, 0]",TLDUMMY,TS,RFECV,LR,,,0,5,8,3,0,0,0.928,0.675555556,0.822,0.563333333,0.242890978,0.203642964,0.964666667,0.748888889,0.245285726,0.201682425,0.976666667,0.652222222,0.280196285,0.227278733,0.971333333,0.716666667,0.238396025,0.205078816,0.832,0.575555556,0.224252963,0.190885258,0.928,0.675555556,0.265584731,0.239675164,0.915777778,0.65537037,0.249434451,0.211373893
TLDUMMY-TS-ANOVA-P-LR,"[0, 5, 2, 3, 0, 0]",TLDUMMY,TS,ANOVA-P,LR,,,0,5,2,3,0,0,0.893333333,0.622222222,0.925333333,0.575555556,0.248850751,0.194536066,0.938,0.745555556,0.247654319,0.198171759,0.958,0.662222222,0.236367226,0.216336584,0.941333333,0.693333333,0.238272548,0.206739736,0.956666667,0.631111111,0.230739951,0.217495131,0.893333333,0.622222222,0.262692809,0.19095912,0.935444444,0.655,0.244096267,0.204039733
RA-RKSVM,"[2, 0, 0, 0, 2, 0]",RA,,,,RKSVM,,2,0,0,0,2,0,0.601333333,0.631111111,0.832666667,0.561111111,0.526041627,0.244833517,1,0.714444444,0.518641996,0.225660753,0.831333333,0.608888889,0.470781136,0.218253636,0.936,0.706666667,0.488772559,0.232159877,0.936,0.706666667,0.488772559,0.232159877,0.601333333,0.631111111,0.49928627,0.226200819,0.856222222,0.654814815,0.498716025,0.22987808
EA-TS-ANOVA-P-LR,"[1, 5, 2, 3, 0, 0]",EA,TS,ANOVA-P,LR,,,1,5,2,3,0,0,0.711333333,0.63,0.806,0.562222222,0.239052129,0.196343541,0.93,0.76,0.257008767,0.195100617,0.904,0.666666667,0.262170959,0.210282612,0.87,0.672222222,0.238050747,0.200558376,0.616666667,0.636666667,0.236384368,0.194126987,0.711333333,0.63,0.258039069,0.212875915,0.806333333,0.65462963,0.248451006,0.201548008
TLDUMMY-TS-PCA-SVM,"[0, 5, 5, 1, 0, 0]",TLDUMMY,TS,PCA,SVM,,,0,5,5,1,0,0,0.795333333,0.647777778,0.839333333,0.557777778,0.261051178,0.206005836,0.958,0.725555556,0.2950495,0.239611268,0.955333333,0.657777778,0.257617378,0.20126853,0.906666667,0.698888889,0.256264901,0.20973177,0.872666667,0.638888889,0.25272491,0.196189666,0.795333333,0.647777778,0.281839681,0.254756546,0.887888889,0.654444444,0.267424591,0.217927269
EA-FGMDM-ABC,"[1, 4, 0, 8, 0, 0]",EA,FGMDM,,ABC,,,1,4,0,8,0,0,0.616,0.641111111,0.898666667,0.557777778,0.296255827,0.230326033,0.984,0.742222222,0.274471951,0.216864586,0.808,0.657777778,0.232598686,0.261179161,0.941333333,0.688888889,0.231513,0.242452264,0.394666667,0.637777778,0.302806187,0.236287737,0.616,0.641111111,0.246115828,0.225052333,0.773777778,0.654259259,0.263960246,0.235360352
EA-FGMDM-DTC,"[1, 4, 0, 5, 0, 0]",EA,FGMDM,,DTC,,,1,4,0,5,0,0,0.615333333,0.645555556,0.912,0.558888889,0.241483426,0.24605546,0.982666667,0.732222222,0.251643872,0.259740949,0.79,0.653333333,0.241917229,0.235991764,0.940666667,0.688888889,0.23617816,0.238968277,0.505333333,0.641111111,0.232286382,0.237556386,0.615333333,0.645555556,0.252904129,0.256685638,0.791,0.653333333,0.242735533,0.245833079
EA-TS-RFECV-LR,"[1, 5, 8, 3, 0, 0]",EA,TS,RFECV,LR,,,1,5,8,3,0,0,0.770666667,0.678888889,0.778666667,0.562222222,0.248036551,0.216621017,0.955333333,0.743333333,0.250914621,0.208812332,0.93,0.64,0.246569347,0.21554122,0.924666667,0.701111111,0.237159896,0.189523387,0.664666667,0.592222222,0.221217632,0.181747389,0.770666667,0.678888889,0.294037414,0.257315636,0.837333333,0.652962963,0.24965591,0.211593497
EA-TS-PCA-LDA,"[1, 5, 5, 2, 0, 0]",EA,TS,PCA,LDA,,,1,5,5,2,0,0,0.722666667,0.672222222,0.759333333,0.553333333,0.249836278,0.204644966,0.924666667,0.732222222,0.256474328,0.206270123,0.902,0.694444444,0.249665833,0.211320591,0.849333333,0.675555556,0.235260797,0.19392693,0.662,0.588888889,0.237352014,0.211564994,0.722666667,0.672222222,0.283270454,0.23336103,0.803333333,0.652777778,0.251976617,0.210181439
RA-TS-ANOVA-P-LDA,"[2, 5, 2, 2, 0, 0]",RA,TS,ANOVA-P,LDA,,,2,5,2,2,0,0,0.710666667,0.622222222,0.866666667,0.565555556,0.252750707,0.217776155,0.938666667,0.74,0.258587861,0.212416863,0.912666667,0.68,0.253022981,0.20936687,0.922666667,0.662222222,0.237963843,0.194341469,0.635333333,0.646666667,0.243636918,0.193489099,0.710666667,0.622222222,0.292260337,0.220155859,0.831111111,0.652777778,0.256370441,0.207924386
RA-TS-PCA-LDA,"[2, 5, 5, 2, 0, 0]",RA,TS,PCA,LDA,,,2,5,5,2,0,0,0.738666667,0.676666667,0.747333333,0.546666667,0.243610215,0.209789801,0.929333333,0.74,0.244403458,0.211639857,0.901333333,0.686666667,0.237668228,0.213682675,0.86,0.681111111,0.241623878,0.2040416,0.658666667,0.584444444,0.235697579,0.208222508,0.738666667,0.676666667,0.264498401,0.195847011,0.805888889,0.652592593,0.244583627,0.207203909
RA-TS-RFECV-LR,"[2, 5, 8, 3, 0, 0]",RA,TS,RFECV,LR,,,2,5,8,3,0,0,0.784666667,0.667777778,0.83,0.566666667,0.257365298,0.193196559,0.95,0.742222222,0.249558806,0.199880934,0.903333333,0.641111111,0.24346981,0.203032565,0.946666667,0.704444444,0.231787968,0.21278758,0.634666667,0.593333333,0.261567497,0.216545534,0.784666667,0.667777778,0.256002569,0.199243069,0.841555556,0.652592593,0.249958658,0.204114374
EA-CSP-ANOVA-P-LR,"[1, 1, 2, 3, 0, 0]",EA,CSP,ANOVA-P,LR,,,1,1,2,3,0,0,0.548,0.6,0.557333333,0.523333333,0.247896218,0.201719975,0.756,0.771111111,0.3014359,0.234607744,0.854,0.747777778,0.252529812,0.175556135,0.688666667,0.597777778,0.229331708,0.182925272,0.614666667,0.673333333,0.226477504,0.172543693,0.548,0.6,0.254461145,0.187875557,0.669777778,0.652222222,0.252022048,0.192538063
EA-CSP-ANOVA-P-LDA,"[1, 1, 2, 2, 0, 0]",EA,CSP,ANOVA-P,LDA,,,1,1,2,2,0,0,0.544666667,0.59,0.560666667,0.53,0.244348049,0.190945292,0.757333333,0.776666667,0.258449125,0.188912058,0.854666667,0.735555556,0.233982348,0.175901031,0.688666667,0.605555556,0.237492585,0.194051218,0.613333333,0.673333333,0.229819703,0.179413652,0.544666667,0.59,0.263276982,0.197410011,0.669888889,0.651851852,0.244561466,0.18777221
EA-TS-ANOVA-P-SVM,"[1, 5, 2, 1, 0, 0]",EA,TS,ANOVA-P,SVM,,,1,5,2,1,0,0,0.711333333,0.634444444,0.822,0.59,0.249433708,0.212210298,0.950666667,0.737777778,0.262729883,0.187058854,0.872666667,0.651111111,0.285354495,0.239495873,0.906666667,0.675555556,0.243640232,0.190553689,0.662,0.62,0.232362747,0.184431601,0.711333333,0.634444444,0.259888721,0.217687058,0.820888889,0.651481481,0.255568298,0.205239562
RA-TS-RFECV-MLP,"[2, 5, 8, 11, 0, 0]",RA,TS,RFECV,MLP,,,2,5,8,11,0,0,0.845333333,0.648888889,0.858,0.581111111,0.572802782,0.184397864,0.960666667,0.733333333,0.538534689,0.165662742,0.928666667,0.642222222,0.615902781,0.21480732,0.971333333,0.69,0.608554244,0.214810061,0.688,0.613333333,0.578037572,0.16159513,0.845333333,0.648888889,0.755510879,0.22408247,0.875333333,0.651481481,0.611557158,0.194225931
EA-TS-RFECV-MLP,"[1, 5, 8, 11, 0, 0]",EA,TS,RFECV,MLP,,,1,5,8,11,0,0,0.791333333,0.668888889,0.802,0.567777778,0.625784588,0.191011238,0.985333333,0.75,0.542239833,0.171349978,0.936,0.648888889,0.562677622,0.21788609,0.969333333,0.684444444,0.63719666,0.198063922,0.673333333,0.587777778,0.682502842,0.175754285,0.791333333,0.668888889,0.891049027,0.253317881,0.859555556,0.651296296,0.656908429,0.201230566
EA-TS-RFECV-SVM,"[1, 5, 8, 1, 0, 0]",EA,TS,RFECV,SVM,,,1,5,8,1,0,0,0.717333333,0.677777778,0.794666667,0.565555556,15.30750802,0.164983654,0.958666667,0.738888889,12.94028671,0.179610753,0.898,0.633333333,12.94823525,0.183813286,0.964666667,0.695555556,12.67085762,0.158573937,0.664,0.595555556,12.03832242,0.164999437,0.717333333,0.677777778,14.72103915,0.164809203,0.832888889,0.651111111,13.4377082,0.169465045
RA-CSP-ANOVA-P-SVM,"[2, 1, 2, 1, 0, 0]",RA,CSP,ANOVA-P,SVM,,,2,1,2,1,0,0,0.548666667,0.566666667,0.588,0.516666667,0.291422296,0.215260434,0.773333333,0.787777778,0.255495048,0.202666283,0.863333333,0.761111111,0.240321374,0.185276222,0.679333333,0.602222222,0.235131335,0.173131371,0.631333333,0.66,0.233829713,0.177921414,0.548666667,0.566666667,0.318467283,0.188443971,0.680666667,0.649074074,0.262444508,0.190449949
RA-CSP-ANOVA-P-LDA,"[2, 1, 2, 2, 0, 0]",RA,CSP,ANOVA-P,LDA,,,2,1,2,2,0,0,0.54,0.573333333,0.566,0.526666667,0.279389024,0.205201125,0.772666667,0.794444444,0.246953392,0.184962583,0.857333333,0.745555556,0.239496136,0.197620821,0.686,0.605555556,0.23497436,0.182198119,0.627333333,0.648888889,0.236892533,0.183731985,0.54,0.573333333,0.266881657,0.201206374,0.674888889,0.649074074,0.250764517,0.192486835
RA-TS-ANOVA-P-MLP,"[2, 5, 2, 11, 0, 0]",RA,TS,ANOVA-P,MLP,,,2,5,2,11,0,0,0.744,0.628888889,0.81,0.57,0.63956213,0.213887453,0.987333333,0.728888889,0.594992542,0.203554249,0.877333333,0.673333333,0.609219432,0.21071496,0.970666667,0.667777778,0.647341418,0.204811382,0.711333333,0.625555556,0.612803745,0.211347198,0.744,0.628888889,0.704110503,0.208398628,0.850111111,0.649074074,0.634671628,0.208785645
RA-CSP-ANOVA-P-LR,"[2, 1, 2, 3, 0, 0]",RA,CSP,ANOVA-P,LR,,,2,1,2,3,0,0,0.542666667,0.57,0.572666667,0.522222222,0.287818813,0.221703696,0.779333333,0.792222222,0.244668984,0.175585532,0.859333333,0.742222222,0.247339845,0.202420926,0.684666667,0.601111111,0.24768734,0.194944334,0.624666667,0.665555556,0.228836274,0.174351048,0.542666667,0.57,0.248476195,0.203956151,0.677222222,0.648888889,0.250804575,0.195493615
RA-TS-RFECV-SVM,"[2, 5, 8, 1, 0, 0]",RA,TS,RFECV,SVM,,,2,5,8,1,0,0,0.764666667,0.657777778,0.832666667,0.564444444,15.06905093,0.183065057,0.954,0.734444444,12.97900503,0.181922388,0.880666667,0.633333333,12.65314729,0.168111634,0.976,0.704444444,12.58829722,0.169282651,0.634,0.598888889,13.24791458,0.180738282,0.764666667,0.657777778,12.95323226,0.154038072,0.840333333,0.648888889,13.24844122,0.172859681
TLDUMMY-ABC-TS-PCA-LR,"[0, 0, 0, 0, 16, 0]",TLDUMMY,,,,ABC-TS-PCA-LR,,0,0,0,0,16,0,0.742,0.601111111,0.842666667,0.55,17.39448221,0.793019128,0.993333333,0.726666667,19.80796428,1.204683113,0.991333333,0.678888889,20.71292183,1.134241271,0.904,0.673333333,15.38566964,0.694319415,0.868,0.662222222,21.58328681,1.164735126,0.742,0.601111111,9.950300264,0.46569128,0.890222222,0.648703704,17.4724375,0.909448222
EA-TS-ANOVA-P-MLP,"[1, 5, 2, 11, 0, 0]",EA,TS,ANOVA-P,MLP,,,1,5,2,11,0,0,0.733333333,0.637777778,0.815333333,0.568888889,0.652078938,0.225457716,0.985333333,0.725555556,0.625334907,0.218345261,0.880666667,0.668888889,0.578144288,0.201432109,0.954666667,0.674444444,0.674230671,0.216903186,0.688666667,0.616666667,0.585319901,0.209487486,0.733333333,0.637777778,0.79976244,0.22470994,0.843,0.648703704,0.652478524,0.21605595
RA-CSP-MIC-P-SVM,"[2, 1, 4, 1, 0, 0]",RA,CSP,MIC-P,SVM,,,2,1,4,1,0,0,0.546,0.566666667,0.585333333,0.515555556,0.266431189,0.198161554,0.765333333,0.793333333,0.283030009,0.196281481,0.833333333,0.756666667,0.256567478,0.180670643,0.662666667,0.598888889,0.248671079,0.197172666,0.629333333,0.661111111,0.266286707,0.184007931,0.546,0.566666667,0.301832557,0.280077696,0.670333333,0.648703704,0.270469836,0.206061995
TLDUMMY-FGMDM-GNB,"[0, 4, 0, 10, 0, 0]",TLDUMMY,FGMDM,,GNB,,,0,4,0,10,0,0,1,0.613333333,0.998666667,0.566666667,0.243719959,0.250623798,0.999333333,0.743333333,0.242294645,0.243033934,1,0.65,0.235305429,0.259676671,1,0.72,0.239641285,0.257233047,1,0.594444444,0.2242594,0.241861176,1,0.613333333,0.24642179,0.232902765,0.999666667,0.647962963,0.238607085,0.247555232
EA-TS-ANOVA-P-LDA,"[1, 5, 2, 2, 0, 0]",EA,TS,ANOVA-P,LDA,,,1,5,2,2,0,0,0.700666667,0.621111111,0.872,0.558888889,0.261490393,0.202683735,0.939333333,0.74,0.270685387,0.221952248,0.901333333,0.66,0.266224408,0.219382739,0.910666667,0.665555556,0.24814589,0.200616932,0.627333333,0.642222222,0.22737155,0.185983038,0.700666667,0.621111111,0.280241084,0.222523594,0.825222222,0.647962963,0.259026452,0.208857048
RA-CSP-RFECV-LDA,"[2, 1, 8, 2, 0, 0]",RA,CSP,RFECV,LDA,,,2,1,8,2,0,0,0.548666667,0.6,0.589333333,0.511111111,0.24149096,0.196675658,0.785333333,0.776666667,0.251630259,0.191027522,0.836666667,0.747777778,0.242045808,0.195452213,0.741333333,0.597777778,0.236551189,0.186629701,0.681333333,0.654444444,0.234521103,0.174292231,0.548666667,0.6,0.255568528,0.206168771,0.697111111,0.647962963,0.243634641,0.191707683
TLDUMMY-FGMDM-MLP,"[0, 4, 0, 11, 0, 0]",TLDUMMY,FGMDM,,MLP,,,0,4,0,11,0,0,1,0.616666667,0.998666667,0.565555556,0.57555449,0.252211332,0.998666667,0.745555556,0.519412518,0.259514976,1,0.646666667,0.550502706,0.266560555,1,0.716666667,0.606739044,0.248952961,1,0.595555556,0.527817464,0.255464411,1,0.616666667,0.627958512,0.234710503,0.999555556,0.647777778,0.567997456,0.252902456
EA-CSP-LDA,"[1, 1, 0, 2, 0, 0]",EA,CSP,,LDA,,,1,1,0,2,0,0,0.556666667,0.598888889,0.592,0.506666667,0.251354837,0.190054464,0.78,0.781111111,0.253302503,0.182870603,0.86,0.705555556,0.239505887,0.188562346,0.739333333,0.631111111,0.237035489,0.186237097,0.692,0.663333333,0.229919314,0.178306174,0.556666667,0.598888889,0.26254065,0.186557961,0.703333333,0.647777778,0.24560978,0.185431441
EA-CSP-ANOVA-K-LDA,"[1, 1, 1, 2, 0, 0]",EA,CSP,ANOVA-K,LDA,,,1,1,1,2,0,0,0.556666667,0.598888889,0.592,0.506666667,0.246075487,0.189525175,0.78,0.781111111,0.25124855,0.190824509,0.86,0.705555556,0.253731418,0.178450465,0.739333333,0.631111111,0.233787012,0.169421959,0.692,0.663333333,0.229268765,0.176576281,0.556666667,0.598888889,0.256007481,0.184541345,0.703333333,0.647777778,0.245019786,0.181556622
EA-CSP-MIC-K-LDA,"[1, 1, 3, 2, 0, 0]",EA,CSP,MIC-K,LDA,,,1,1,3,2,0,0,0.556666667,0.598888889,0.592,0.506666667,0.246985102,0.188771343,0.78,0.781111111,0.276586533,0.211313295,0.86,0.705555556,0.244654155,0.189312243,0.739333333,0.631111111,0.229811811,0.183651996,0.692,0.663333333,0.229244304,0.17860105,0.556666667,0.598888889,0.260186124,0.188785458,0.703333333,0.647777778,0.247911338,0.190072564
EA-CSP-RFE-LDA,"[1, 1, 7, 2, 0, 0]",EA,CSP,RFE,LDA,,,1,1,7,2,0,0,0.556666667,0.598888889,0.592,0.506666667,0.251147723,0.180132532,0.78,0.781111111,0.254183006,0.194894481,0.86,0.705555556,0.2447716,0.180945539,0.739333333,0.631111111,0.236299968,0.188314342,0.692,0.663333333,0.232066989,0.183853149,0.556666667,0.598888889,0.251087737,0.197536254,0.703333333,0.647777778,0.244926171,0.187612716
RA-TS-RFECV-LDA,"[2, 5, 8, 2, 0, 0]",RA,TS,RFECV,LDA,,,2,5,8,2,0,0,0.726,0.643333333,0.89,0.575555556,0.254202747,0.193733907,0.949333333,0.715555556,0.24507277,0.196913671,0.938,0.66,0.243952894,0.19198184,0.974,0.695555556,0.240117478,0.1774261,0.655333333,0.596666667,0.26507318,0.218405628,0.726,0.643333333,0.271543479,0.1953578,0.855444444,0.647777778,0.253327092,0.195636491
TLDUMMY-ABC-FGMDM,"[0, 0, 0, 0, 4, 0]",TLDUMMY,,,,ABC-FGMDM,,0,0,0,0,4,0,1,0.613333333,0.999333333,0.564444444,1.122162032,0.208043051,1,0.746666667,0.926274467,0.213753557,1,0.646666667,0.734729624,0.237905812,1,0.716666667,0.681384802,0.207064676,1,0.595555556,0.677454638,0.200675511,1,0.613333333,0.772576356,0.257101274,0.999888889,0.647222222,0.819096986,0.220757314
EA-TS-SVM,"[1, 5, 0, 1, 0, 0]",EA,TS,,SVM,,,1,5,0,1,0,0,0.725333333,0.655555556,0.826666667,0.573333333,0.524176455,0.199329352,1,0.718888889,0.532486558,0.193704414,0.854,0.606666667,0.544633412,0.207504964,0.942666667,0.697777778,0.487562084,0.192156434,0.603333333,0.631111111,0.482547545,0.202222848,0.725333333,0.655555556,0.536194992,0.2001724,0.825333333,0.647222222,0.517933508,0.199181736
TLDUMMY-FGMDM-SVM,"[0, 4, 0, 1, 0, 0]",TLDUMMY,FGMDM,,SVM,,,0,4,0,1,0,0,1,0.615555556,0.997333333,0.561111111,0.830193615,0.25189631,0.999333333,0.744444444,0.793031788,0.249295068,1,0.646666667,0.782244492,0.262773776,1,0.714444444,0.799568439,0.252735257,1,0.598888889,0.807669067,0.240129495,1,0.615555556,0.882237983,0.260843897,0.999444444,0.646851852,0.815824231,0.252945634
TLDUMMY-FGMDM-LR,"[0, 4, 0, 3, 0, 0]",TLDUMMY,FGMDM,,LR,,,0,4,0,3,0,0,1,0.613333333,0.998,0.561111111,0.249463034,0.263911891,0.999333333,0.745555556,0.245445919,0.260965371,1,0.646666667,0.231175232,0.253903222,1,0.715555556,0.231748796,0.235537672,1,0.597777778,0.234598231,0.24153862,1,0.613333333,0.28196919,0.273288894,0.999555556,0.646666667,0.2457334,0.254857612
TLDUMMY-TS-LDA,"[0, 5, 0, 2, 0, 0]",TLDUMMY,TS,,LDA,,,0,5,0,2,0,0,1,0.613333333,0.998,0.561111111,0.334096169,0.203830814,0.999333333,0.746666667,0.340611386,0.211105728,1,0.646666667,0.329060125,0.195472074,1,0.716666667,0.319158244,0.211543155,1,0.595555556,0.330873322,0.202858377,1,0.613333333,0.348203349,0.210665631,0.999555556,0.646666667,0.333667099,0.20591263
TLDUMMY-FGMDM-LDA,"[0, 4, 0, 2, 0, 0]",TLDUMMY,FGMDM,,LDA,,,0,4,0,2,0,0,1,0.613333333,0.998,0.561111111,0.249002743,0.23720417,0.999333333,0.743333333,0.256851459,0.236425233,1,0.646666667,0.245034075,0.247671461,1,0.717777778,0.243838286,0.253961754,1,0.596666667,0.232420182,0.242237449,1,0.613333333,0.270583272,0.27193985,0.999555556,0.646481481,0.249621669,0.248239986
EA-CSP-ANOVA-P-MLP,"[1, 1, 2, 11, 0, 0]",EA,CSP,ANOVA-P,MLP,,,1,1,2,11,0,0,0.55,0.578888889,0.561333333,0.52,0.326645422,0.187378931,0.752666667,0.768888889,0.400970984,0.209381199,0.858666667,0.727777778,0.494361353,0.190566802,0.679333333,0.613333333,0.38261652,0.1699265,0.626,0.668888889,0.383848453,0.193152189,0.55,0.578888889,0.326262832,0.204934239,0.671333333,0.646296296,0.38578426,0.192556643
TLDUMMY-TS-RFECV-MLP,"[0, 5, 8, 11, 0, 0]",TLDUMMY,TS,RFECV,MLP,,,0,5,8,11,0,0,0.998666667,0.65,0.883333333,0.574444444,0.66792531,0.191806817,1,0.725555556,0.544243169,0.173535275,0.999333333,0.658888889,0.609691811,0.206671667,0.999333333,0.697777778,0.585478711,0.202028227,0.885333333,0.57,0.557187939,0.151606345,0.998666667,0.65,0.673868537,0.181840563,0.961,0.646111111,0.606399246,0.184581482
TLDUMMY-TS-RFECV-SVM,"[0, 5, 8, 1, 0, 0]",TLDUMMY,TS,RFECV,SVM,,,0,5,8,1,0,0,0.941333333,0.655555556,0.83,0.572222222,17.18465981,0.174842787,0.973333333,0.732222222,13.59889078,0.18971436,0.98,0.635555556,14.32790418,0.186533165,0.973333333,0.703333333,13.60930007,0.17532649,0.831333333,0.576666667,15.68027027,0.19420867,0.941333333,0.655555556,16.57276199,0.167520308,0.921555556,0.645925926,15.16229785,0.18135763
RA-TS-SVM,"[2, 5, 0, 1, 0, 0]",RA,TS,,SVM,,,2,5,0,1,0,0,0.708666667,0.653333333,0.832666667,0.561111111,0.556184888,0.196681643,1,0.714444444,0.513295698,0.200771832,0.831333333,0.608888889,0.524059439,0.189801574,0.936,0.706666667,0.557957506,0.219559574,0.601333333,0.631111111,0.496559405,0.211308122,0.708666667,0.653333333,0.495568991,0.181171227,0.818333333,0.645925926,0.523937654,0.199882329
RA-ABC-TS-PCA-LDA,"[2, 0, 0, 0, 15, 0]",RA,,,,ABC-TS-PCA-LDA,,2,0,0,0,15,0,0.658666667,0.582222222,0.750666667,0.541111111,0.797278309,0.160900688,0.926666667,0.712222222,0.681070924,0.172473454,0.892,0.672222222,1.315869927,0.238694334,0.855333333,0.683333333,0.917304897,0.159646893,0.855333333,0.683333333,0.917304897,0.159646893,0.658666667,0.582222222,0.74126122,0.135018778,0.823111111,0.645740741,0.895015029,0.171063507
TLDUMMY-RKSVM,"[0, 0, 0, 0, 2, 0]",TLDUMMY,,,,RKSVM,,0,0,0,0,2,0,0.982666667,0.643333333,0.998,0.58,0.532479835,0.201952863,1,0.718888889,0.493867993,0.250772452,1,0.606666667,0.512395573,0.227112508,1,0.706666667,0.470170474,0.227140951,1,0.618888889,0.513302565,0.234680414,0.982666667,0.643333333,0.531790257,0.215556908,0.996777778,0.645740741,0.509001116,0.226202683
TLDUMMY-TS-SVM,"[0, 5, 0, 1, 0, 0]",TLDUMMY,TS,,SVM,,,0,5,0,1,0,0,0.982666667,0.643333333,0.998,0.58,0.541525245,0.210103703,1,0.718888889,0.511655736,0.213221979,1,0.606666667,0.520465469,0.215379834,1,0.706666667,0.522877145,0.214551687,1,0.618888889,0.483675265,0.196362638,0.982666667,0.643333333,0.570868397,0.2113801,0.996777778,0.645740741,0.525177876,0.210166657
RA-CSP-ANOVA-P-MLP,"[2, 1, 2, 11, 0, 0]",RA,CSP,ANOVA-P,MLP,,,2,1,2,11,0,0,0.548,0.574444444,0.568666667,0.511111111,0.325057912,0.181671906,0.778,0.788888889,0.390638733,0.200772953,0.859333333,0.733333333,0.462190485,0.178416276,0.681333333,0.605555556,0.395234513,0.187773538,0.634666667,0.661111111,0.410049915,0.184135365,0.548,0.574444444,0.394900751,0.164129305,0.678333333,0.645740741,0.396345385,0.182816557
TLDUMMY-TS-ANOVA-P-MLP,"[0, 5, 2, 11, 0, 0]",TLDUMMY,TS,ANOVA-P,MLP,,,0,5,2,11,0,0,1,0.618888889,1,0.568888889,0.664958215,0.217087436,1,0.722222222,0.58018322,0.208279252,1,0.662222222,0.613438845,0.208975911,1,0.684444444,0.762231684,0.22571516,1,0.616666667,0.615852594,0.199665475,1,0.618888889,0.648185229,0.263661194,1,0.645555556,0.647474964,0.220564071
EA-CSP-ANOVA-P-SVM,"[1, 1, 2, 1, 0, 0]",EA,CSP,ANOVA-P,SVM,,,1,1,2,1,0,0,0.546666667,0.568888889,0.565333333,0.518888889,0.254887533,0.182327342,0.756,0.761111111,0.256369233,0.18828485,0.859333333,0.751111111,0.248010039,0.187926912,0.684666667,0.604444444,0.241144586,0.165435433,0.62,0.668888889,0.232485199,0.216629219,0.546666667,0.568888889,0.251802206,0.195576262,0.672,0.645555556,0.247449799,0.189363337
EA-CSP-ANOVA-P-GNB,"[1, 1, 2, 10, 0, 0]",EA,CSP,ANOVA-P,GNB,,,1,1,2,10,0,0,0.548666667,0.552222222,0.572,0.514444444,0.253665423,0.193426967,0.723333333,0.748888889,0.255286193,0.183217573,0.86,0.751111111,0.246546364,0.20327642,0.677333333,0.62,0.22742126,0.171502876,0.549333333,0.686666667,0.223877907,0.179162526,0.548666667,0.552222222,0.26592145,0.22618928,0.655111111,0.645555556,0.245453099,0.19279594
RA-ABC-TS-MIC-P-LR,"[2, 0, 0, 0, 13, 0]",RA,,,,ABC-TS-MIC-P-LR,,2,0,0,0,13,0,0.688666667,0.59,0.725333333,0.548888889,50.41626363,0.720489097,0.875333333,0.704444444,66.13188453,0.909456873,0.824666667,0.646666667,67.35336428,0.992114592,0.844666667,0.691111111,51.31281221,0.730315757,0.844666667,0.691111111,51.31281221,0.730315757,0.688666667,0.59,73.10721469,1.255407381,0.800555556,0.64537037,59.93905859,0.889683243
EA-CSP-LASSO-LDA,"[1, 1, 6, 2, 0, 0]",EA,CSP,LASSO,LDA,,,1,1,6,2,0,0,0.555333333,0.576666667,0.561333333,0.511111111,0.254579639,0.193207693,0.779333333,0.775555556,0.237001348,0.193530917,0.853333333,0.71,0.253756714,0.190238976,0.738666667,0.63,0.228847051,0.179936194,0.698666667,0.668888889,0.236843777,0.186142278,0.555333333,0.576666667,0.2521631,0.200688863,0.697777778,0.64537037,0.243865271,0.190624154
EA-TS-RFECV-LDA,"[1, 5, 8, 2, 0, 0]",EA,TS,RFECV,LDA,,,1,5,8,2,0,0,0.707333333,0.653333333,0.856666667,0.558888889,0.256573486,0.196481633,0.952,0.723333333,0.259334898,0.195082664,0.944,0.663333333,0.249886703,0.18622036,0.972666667,0.687777778,0.243025279,0.18367312,0.682,0.585555556,0.235082841,0.184887862,0.707333333,0.653333333,0.306038952,0.236236548,0.852444444,0.64537037,0.258323693,0.197097031
RA-ABC-TS-ANOVA-P-LR,"[2, 0, 0, 0, 31, 0]",RA,,,,ABC-TS-ANOVA-P-LR,,2,0,0,0,31,0,0.67,0.594444444,0.73,0.588888889,17.64498589,0.930828094,0.896666667,0.72,18.75449126,1.136168385,0.852666667,0.635555556,20.59733336,1.167793369,0.853333333,0.665555556,13.00016847,0.66524899,0.853333333,0.665555556,13.00016847,0.66524899,0.67,0.594444444,21.70389977,1.324795651,0.809333333,0.645,17.45017453,0.98168058
TLDUMMY-FGMDM-KNN,"[0, 4, 0, 4, 0, 0]",TLDUMMY,FGMDM,,KNN,,,0,4,0,4,0,0,1,0.607777778,0.997333333,0.565555556,0.244242787,0.260877872,0.998666667,0.742222222,0.273095179,0.243565583,1,0.647777778,0.236775374,0.232834649,1,0.713333333,0.226193547,0.239047551,1,0.593333333,0.231918383,0.240351963,1,0.607777778,0.278336382,0.309390426,0.999333333,0.645,0.248426942,0.254344674
RA-TS-MIC-P-LR,"[2, 5, 4, 3, 0, 0]",RA,TS,MIC-P,LR,,,2,5,4,3,0,0,0.696,0.617777778,0.744666667,0.54,0.247841191,0.213076282,0.834666667,0.741111111,0.246295333,0.207840133,0.820666667,0.656666667,0.23730135,0.210810018,0.864666667,0.705555556,0.24900918,0.200527334,0.645333333,0.606666667,0.221228528,0.195661068,0.696,0.617777778,0.270601296,0.223935294,0.767666667,0.64462963,0.24537948,0.208641688
RA-CSP-LASSO-LDA,"[2, 1, 6, 2, 0, 0]",RA,CSP,LASSO,LDA,,,2,1,6,2,0,0,0.539333333,0.572222222,0.574,0.53,0.242169189,0.173026943,0.778666667,0.78,0.250342751,0.174486041,0.864,0.715555556,0.259709978,0.192946076,0.752,0.611111111,0.245186543,0.193433547,0.692666667,0.657777778,0.230116582,0.179352665,0.539333333,0.572222222,0.24296279,0.194324899,0.700111111,0.644444444,0.245081306,0.184595029
RA-TS-PCA-MLP,"[2, 5, 5, 11, 0, 0]",RA,TS,PCA,MLP,,,2,5,5,11,0,0,0.823333333,0.655555556,0.757333333,0.564444444,0.611953783,0.212324309,0.996,0.684444444,0.562816715,0.224068284,0.939333333,0.652222222,0.54861815,0.208170485,0.927333333,0.706666667,0.573194361,0.208789015,0.653333333,0.602222222,0.538014245,0.211717677,0.823333333,0.655555556,0.598285842,0.210420084,0.849444444,0.644259259,0.572147183,0.212581642
RA-CSP-LDA,"[2, 1, 0, 2, 0, 0]",RA,CSP,,LDA,,,2,1,0,2,0,0,0.548666667,0.593333333,0.601333333,0.513333333,0.249168777,0.193024731,0.788,0.774444444,0.25405426,0.188424635,0.864666667,0.707777778,0.247703409,0.183053946,0.747333333,0.61,0.226571012,0.18563745,0.692,0.664444444,0.236056113,0.183993673,0.548666667,0.593333333,0.286796379,0.242825723,0.707,0.643888889,0.250058325,0.196160026
RA-CSP-ANOVA-K-LDA,"[2, 1, 1, 2, 0, 0]",RA,CSP,ANOVA-K,LDA,,,2,1,1,2,0,0,0.548666667,0.593333333,0.601333333,0.513333333,0.356012154,0.258849621,0.788,0.774444444,0.241296506,0.183373094,0.864666667,0.707777778,0.24614923,0.183102036,0.747333333,0.61,0.250147009,0.18337326,0.692,0.664444444,0.231202459,0.168054771,0.548666667,0.593333333,0.259093213,0.200737119,0.707,0.643888889,0.263983428,0.196248317
RA-CSP-MIC-K-LDA,"[2, 1, 3, 2, 0, 0]",RA,CSP,MIC-K,LDA,,,2,1,3,2,0,0,0.548666667,0.593333333,0.601333333,0.513333333,0.239426613,0.191116118,0.788,0.774444444,0.251126099,0.185716701,0.864666667,0.707777778,0.247976065,0.170545745,0.747333333,0.61,0.218507361,0.180379558,0.692,0.664444444,0.238248897,0.173729706,0.548666667,0.593333333,0.296337342,0.227211046,0.707,0.643888889,0.248603729,0.188116479
RA-CSP-RFE-LDA,"[2, 1, 7, 2, 0, 0]",RA,CSP,RFE,LDA,,,2,1,7,2,0,0,0.548666667,0.593333333,0.601333333,0.513333333,0.248078752,0.193236756,0.788,0.774444444,0.247875047,0.185684752,0.864666667,0.707777778,0.238956213,0.178072357,0.747333333,0.61,0.230635691,0.191808438,0.692,0.664444444,0.24719708,0.185071349,0.548666667,0.593333333,0.2562289,0.194578958,0.707,0.643888889,0.244828614,0.188075435
RA-CSP-RFECV-LR,"[2, 1, 8, 3, 0, 0]",RA,CSP,RFECV,LR,,,2,1,8,3,0,0,0.548,0.595555556,0.595333333,0.51,0.247458696,0.183673835,0.788666667,0.775555556,0.252068496,0.186104012,0.84,0.742222222,0.251648998,0.185846663,0.701333333,0.584444444,0.236081862,0.187182474,0.694,0.655555556,0.235809398,0.18669529,0.548,0.595555556,0.258102632,0.185286283,0.694555556,0.643888889,0.24686168,0.185798093
TLDUMMY-FGMDM-GBC,"[0, 4, 0, 9, 0, 0]",TLDUMMY,FGMDM,,GBC,,,0,4,0,9,0,0,1,0.617777778,1,0.558888889,0.310651994,0.256136513,1,0.743333333,0.326767707,0.263039255,1,0.645555556,0.305430365,0.235432482,1,0.704444444,0.300895047,0.256928754,1,0.591111111,0.287634015,0.234542561,1,0.617777778,0.33859365,0.254297066,1,0.643518519,0.31166213,0.250062772
EA-TS-MIC-P-LR,"[1, 5, 4, 3, 0, 0]",EA,TS,MIC-P,LR,,,1,5,4,3,0,0,0.678666667,0.608888889,0.726666667,0.541111111,0.243288183,0.209129071,0.867333333,0.747777778,0.248524928,0.222659826,0.872666667,0.636666667,0.242119217,0.203671193,0.835333333,0.711111111,0.231879497,0.20490644,0.654666667,0.615555556,0.232578731,0.199912977,0.678666667,0.608888889,0.248154449,0.2007936,0.772555556,0.643518519,0.241090834,0.206845518
TLDUMMY-TS-ANOVA-P-LDA,"[0, 5, 2, 2, 0, 0]",TLDUMMY,TS,ANOVA-P,LDA,,,0,5,2,2,0,0,0.944666667,0.613333333,0.960666667,0.555555556,0.264361978,0.207713342,0.944,0.732222222,0.253789496,0.193131185,0.987333333,0.661111111,0.247163486,0.202693295,0.965333333,0.674444444,0.244647694,0.196467328,0.951333333,0.623333333,0.231727791,0.199014473,0.944666667,0.613333333,0.269430852,0.221781063,0.958888889,0.643333333,0.251853549,0.203466781
RA-CSP-RFECV-MLP,"[2, 1, 8, 11, 0, 0]",RA,CSP,RFECV,MLP,,,2,1,8,11,0,0,0.564,0.567777778,0.594666667,0.521111111,0.368671918,0.172600913,0.789333333,0.766666667,0.426153255,0.176622701,0.844666667,0.742222222,0.480388093,0.188982034,0.722666667,0.598888889,0.486500263,0.162275004,0.704666667,0.663333333,0.420265388,0.180374026,0.564,0.567777778,0.593719125,0.145488739,0.703333333,0.643333333,0.46261634,0.171057236
EA-RKSVM,"[1, 0, 0, 0, 2, 0]",EA,,,,RKSVM,,1,0,0,0,2,0,0.603333333,0.631111111,0.826666667,0.573333333,0.553529167,0.238442421,1,0.718888889,0.525368166,0.250102019,0.854,0.606666667,0.586841893,0.246273208,0.942666667,0.697777778,0.465271735,0.236618209,0.603333333,0.631111111,0.508985424,0.235962462,0.603333333,0.631111111,0.508985424,0.235962462,0.805,0.643148148,0.524830302,0.24056013
TLDUMMY-FGMDM-ETC,"[0, 4, 0, 7, 0, 0]",TLDUMMY,FGMDM,,ETC,,,0,4,0,7,0,0,1,0.617777778,1,0.557777778,0.341504025,0.246418476,1,0.744444444,0.354609871,0.257803321,1,0.642222222,0.34049964,0.257952976,1,0.714444444,0.320470071,0.244211841,1,0.582222222,0.335543513,0.255313635,1,0.617777778,0.372352695,0.259272361,1,0.643148148,0.344163303,0.253495435
TLDUMMY-FGMDM-DTC,"[0, 4, 0, 5, 0, 0]",TLDUMMY,FGMDM,,DTC,,,0,4,0,5,0,0,1,0.617777778,1,0.558888889,0.245038843,0.245473528,1,0.741111111,0.235043025,0.241167831,1,0.64,0.243289089,0.233289814,1,0.706666667,0.229687834,0.250739455,1,0.592222222,0.22661438,0.238514686,1,0.617777778,0.272965837,0.294719529,1,0.642777778,0.242106501,0.250650807
EA-ABC-TS-PCA-LR,"[1, 0, 0, 0, 16, 0]",EA,,,,ABC-TS-PCA-LR,,1,0,0,0,16,0,0.690666667,0.626666667,0.749333333,0.567777778,16.51260226,0.826389909,0.878666667,0.725555556,18.04170702,1.061805248,0.888666667,0.648888889,20.95596864,1.190314794,0.827333333,0.66,12.32448099,0.613309813,0.690666667,0.626666667,20.46473558,1.177881193,0.690666667,0.626666667,20.46473558,1.177881193,0.787555556,0.642592593,18.12737168,1.007930358
TLDUMMY-TS-RFECV-LDA,"[0, 5, 8, 2, 0, 0]",TLDUMMY,TS,RFECV,LDA,,,0,5,8,2,0,0,0.967333333,0.622222222,0.843333333,0.573333333,0.24890399,0.198145986,0.966,0.723333333,0.248177361,0.208782411,0.986,0.657777778,0.256608844,0.204115987,0.979333333,0.704444444,0.248002267,0.192580843,0.826666667,0.574444444,0.237911463,0.189861417,0.967333333,0.622222222,0.272787714,0.196863174,0.928111111,0.642592593,0.252065273,0.198391636
RA-CSP-MIC-P-LR,"[2, 1, 4, 3, 0, 0]",RA,CSP,MIC-P,LR,,,2,1,4,3,0,0,0.536,0.544444444,0.591333333,0.521111111,0.248558927,0.185594368,0.765333333,0.792222222,0.249546671,0.185720634,0.828666667,0.741111111,0.238439059,0.18116653,0.664666667,0.593333333,0.245370579,0.161897206,0.634,0.662222222,0.24502635,0.196170926,0.536,0.544444444,0.257860923,0.201344323,0.67,0.642407407,0.247467085,0.185315665
TLDUMMY-FGMDM-RFC,"[0, 4, 0, 6, 0, 0]",TLDUMMY,FGMDM,,RFC,,,0,4,0,6,0,0,1,0.607777778,1,0.558888889,0.386546755,0.249935699,1,0.745555556,0.381618929,0.270702314,1,0.647777778,0.364106321,0.248207903,1,0.705555556,0.381338263,0.267575693,1,0.587777778,0.383581519,0.244191766,1,0.607777778,0.435690045,0.260036469,1,0.642222222,0.388813639,0.256774974
TLDUMMY-FGMDM-ABC,"[0, 4, 0, 8, 0, 0]",TLDUMMY,FGMDM,,ABC,,,0,4,0,8,0,0,1,0.617777778,1,0.556666667,0.258749843,0.258963299,1,0.747777778,0.25472424,0.231994605,1,0.641111111,0.247010326,0.250332332,1,0.704444444,0.23294363,0.2261163,1,0.585555556,0.233995342,0.256392145,1,0.617777778,0.265526175,0.255598783,1,0.642222222,0.248824926,0.246566244
EA-CSP-RFECV-LDA,"[1, 1, 8, 2, 0, 0]",EA,CSP,RFECV,LDA,,,1,1,8,2,0,0,0.550666667,0.565555556,0.575333333,0.512222222,0.243132114,0.183702087,0.778,0.777777778,0.259423757,0.203914428,0.862666667,0.715555556,0.237429166,0.185637307,0.741333333,0.612222222,0.22618959,0.18219738,0.68,0.67,0.226456046,0.200249362,0.550666667,0.565555556,0.255922198,0.192408609,0.698,0.642222222,0.241425478,0.191351529
EA-ABC-TS-GLM,"[1, 0, 0, 0, 7, 0]",EA,,,,ABC-TS-GLM,,1,0,0,0,7,0,0.616666667,0.634444444,0.758,0.556666667,19.46146855,1.156693816,0.912666667,0.72,17.83436351,1.162819457,0.879333333,0.641111111,18.42906704,1.159529352,0.863333333,0.664444444,11.2296505,0.56740098,0.616666667,0.634444444,18.68426821,1.176970029,0.616666667,0.634444444,18.68426821,1.176970029,0.774444444,0.641851852,17.387181,1.066730611
EA-ABC-TS-LR,"[1, 0, 0, 0, 6, 0]",EA,,,,ABC-TS-LR,,1,0,0,0,6,0,0.616666667,0.634444444,0.758,0.556666667,19.53060222,1.151854873,0.912666667,0.72,17.11267583,1.168780708,0.879333333,0.641111111,17.13460457,1.155912852,0.863333333,0.664444444,9.612924981,0.65727458,0.616666667,0.634444444,19.48004906,1.119643545,0.616666667,0.634444444,19.48004906,1.119643545,0.774444444,0.641851852,17.05848429,1.062185017
EA-CSP-RFECV-LR,"[1, 1, 8, 3, 0, 0]",EA,CSP,RFECV,LR,,,1,1,8,3,0,0,0.552,0.562222222,0.568,0.513333333,0.250201631,0.195280266,0.783333333,0.783333333,0.260272765,0.173563004,0.866,0.72,0.24217329,0.183632851,0.709333333,0.602222222,0.243745661,0.197191596,0.684,0.67,0.239524388,0.181366444,0.552,0.562222222,0.290365672,0.208690429,0.693777778,0.641851852,0.254380568,0.189954098
RA-CSP-MIC-P-LDA,"[2, 1, 4, 2, 0, 0]",RA,CSP,MIC-P,LDA,,,2,1,4,2,0,0,0.539333333,0.553333333,0.588,0.513333333,0.25134244,0.18606441,0.768,0.791111111,0.248580933,0.200192142,0.825333333,0.746666667,0.234442616,0.184741688,0.667333333,0.594444444,0.232653236,0.188539124,0.632,0.652222222,0.250920844,0.18796804,0.539333333,0.553333333,0.252173567,0.17770319,0.67,0.641851852,0.245018939,0.187534765
EA-TS-MIC-P-LDA,"[1, 5, 4, 2, 0, 0]",EA,TS,MIC-P,LDA,,,1,5,4,2,0,0,0.702666667,0.611111111,0.832,0.543333333,0.251085377,0.204829097,0.899333333,0.738888889,0.253398919,0.19745152,0.884,0.657777778,0.25151186,0.20328753,0.885333333,0.697777778,0.236736369,0.200278401,0.684,0.601111111,0.230978584,0.205510902,0.702666667,0.611111111,0.30445292,0.220339918,0.814555556,0.641666667,0.254694005,0.205282895
RA-ABC-MDM,"[2, 0, 0, 0, 3, 0]",RA,,,,ABC-MDM,,2,0,0,0,3,0,0.615333333,0.621111111,0.768666667,0.551111111,16.25182102,1.18536098,0.906,0.702222222,12.05929713,0.867312312,0.815333333,0.643333333,11.18308573,0.751067877,0.798666667,0.665555556,7.356692743,0.531988335,0.798666667,0.665555556,7.356692743,0.531988335,0.615333333,0.621111111,16.02399533,1.257785416,0.783777778,0.641481481,11.70526412,0.854250542
RA-CSP-RFECV-SVM,"[2, 1, 8, 1, 0, 0]",RA,CSP,RFECV,SVM,,,2,1,8,1,0,0,0.556666667,0.584444444,0.593333333,0.506666667,0.414325166,0.192641234,0.786666667,0.768888889,0.427674532,0.17682209,0.838666667,0.753333333,0.419187856,0.186300588,0.718,0.591111111,0.411471701,0.194424677,0.679333333,0.644444444,0.371051836,0.178253555,0.556666667,0.584444444,0.400163579,0.167330647,0.695444444,0.641481481,0.407312445,0.182628798
TLDUMMY-TS-ANOVA-P-SVM,"[0, 5, 2, 1, 0, 0]",TLDUMMY,TS,ANOVA-P,SVM,,,0,5,2,1,0,0,0.898,0.61,0.946,0.568888889,0.247344351,0.203429437,0.956666667,0.72,0.256573319,0.198772693,0.970666667,0.648888889,0.246423316,0.201172471,0.952666667,0.696666667,0.233776188,0.202513528,0.963333333,0.603333333,0.242626572,0.202514005,0.898,0.61,0.260555029,0.198311591,0.947888889,0.641296296,0.247883129,0.201118954
RA-ABC-TS-LASSO-LDA,"[2, 0, 0, 0, 18, 0]",RA,,,,ABC-TS-LASSO-LDA,,2,0,0,0,18,0,0.610666667,0.563333333,0.71,0.557777778,0.793228579,0.219471478,0.832,0.675555556,0.880111504,0.203095794,0.702666667,0.614444444,0.910182285,0.206473374,0.734,0.717777778,0.737505388,0.226793504,0.734,0.717777778,0.737505388,0.226793504,0.610666667,0.563333333,0.892014599,0.199594116,0.720555556,0.641111111,0.82509129,0.213703628
EA-CSP-LR,"[1, 1, 0, 3, 0, 0]",EA,CSP,,LR,,,1,1,0,3,0,0,0.559333333,0.603333333,0.580666667,0.498888889,0.242800021,0.197116017,0.794666667,0.777777778,0.255449247,0.187218523,0.85,0.697777778,0.237672305,0.190697765,0.706,0.607777778,0.236575627,0.176992655,0.697333333,0.66,0.244940448,0.186120296,0.559333333,0.603333333,0.24815464,0.193297625,0.698,0.640925926,0.244265381,0.188573813
EA-CSP-ANOVA-K-LR,"[1, 1, 1, 3, 0, 0]",EA,CSP,ANOVA-K,LR,,,1,1,1,3,0,0,0.559333333,0.603333333,0.580666667,0.498888889,0.246496797,0.18861208,0.794666667,0.777777778,0.249864721,0.190917039,0.85,0.697777778,0.242287278,0.180917168,0.706,0.607777778,0.238460588,0.185398316,0.697333333,0.66,0.233393431,0.179278183,0.559333333,0.603333333,0.265213919,0.182476521,0.698,0.640925926,0.245952789,0.184599884
EA-CSP-MIC-K-LR,"[1, 1, 3, 3, 0, 0]",EA,CSP,MIC-K,LR,,,1,1,3,3,0,0,0.559333333,0.603333333,0.580666667,0.498888889,0.250556469,0.180373478,0.794666667,0.777777778,0.272439623,0.210902619,0.85,0.697777778,0.248193264,0.181297088,0.706,0.607777778,0.233692265,0.175474596,0.697333333,0.66,0.224336839,0.186219907,0.559333333,0.603333333,0.26605289,0.196541953,0.698,0.640925926,0.249211891,0.188468273
EA-CSP-RFE-LR,"[1, 1, 7, 3, 0, 0]",EA,CSP,RFE,LR,,,1,1,7,3,0,0,0.559333333,0.603333333,0.580666667,0.498888889,0.252440858,0.185076642,0.794666667,0.777777778,0.248070431,0.193130922,0.85,0.697777778,0.246211457,0.178305221,0.706,0.607777778,0.221311498,0.180264878,0.697333333,0.66,0.223386407,0.184635735,0.559333333,0.603333333,0.253557706,0.193359613,0.698,0.640925926,0.240829726,0.185795502
RA-CSP-MIC-P-MLP,"[2, 1, 4, 11, 0, 0]",RA,CSP,MIC-P,MLP,,,2,1,4,11,0,0,0.544,0.553333333,0.588,0.512222222,0.361724782,0.185923338,0.770666667,0.786666667,0.376698756,0.1868819,0.830666667,0.741111111,0.432099962,0.169129729,0.67,0.592222222,0.415851641,0.177595258,0.634666667,0.658888889,0.400739098,0.173892021,0.544,0.553333333,0.436770225,0.158749771,0.673,0.640740741,0.403980744,0.175362003
RA-CSP-SVM,"[2, 1, 0, 1, 0, 0]",RA,CSP,,SVM,,,2,1,0,1,0,0,0.561333333,0.584444444,0.602,0.522222222,0.531819487,0.178483176,0.798666667,0.763333333,0.508740282,0.17124567,0.862666667,0.722222222,0.524985838,0.19841547,0.735333333,0.601111111,0.512890005,0.194988203,0.698,0.65,0.484120655,0.177370501,0.561333333,0.584444444,0.618566227,0.261614561,0.709666667,0.640555556,0.530187082,0.197019597
RA-CSP-ANOVA-K-SVM,"[2, 1, 1, 1, 0, 0]",RA,CSP,ANOVA-K,SVM,,,2,1,1,1,0,0,0.561333333,0.584444444,0.602,0.522222222,0.364872932,0.258585286,0.798666667,0.763333333,0.263907933,0.178634429,0.862666667,0.722222222,0.250010991,0.181383944,0.735333333,0.601111111,0.232256365,0.182408381,0.698,0.65,0.229463124,0.176389289,0.561333333,0.584444444,0.275987148,0.205016446,0.709666667,0.640555556,0.269416416,0.197069629
RA-CSP-MIC-K-SVM,"[2, 1, 3, 1, 0, 0]",RA,CSP,MIC-K,SVM,,,2,1,3,1,0,0,0.561333333,0.584444444,0.602,0.522222222,0.262746334,0.191926789,0.798666667,0.763333333,0.268149781,0.185742092,0.862666667,0.722222222,0.269733572,0.18557775,0.735333333,0.601111111,0.266619396,0.16648941,0.698,0.65,0.260165071,0.182595229,0.561333333,0.584444444,0.305616474,0.202060461,0.709666667,0.640555556,0.272171772,0.185731955
RA-CSP-RFE-SVM,"[2, 1, 7, 1, 0, 0]",RA,CSP,RFE,SVM,,,2,1,7,1,0,0,0.561333333,0.584444444,0.602,0.522222222,0.257493663,0.180497932,0.798666667,0.763333333,0.264159894,0.186884189,0.862666667,0.722222222,0.252774334,0.193163276,0.735333333,0.601111111,0.256419015,0.194919324,0.698,0.65,0.237186337,0.168566251,0.561333333,0.584444444,0.261135244,0.189757228,0.709666667,0.640555556,0.254861414,0.185631367
RA-ABC-TS-RFECV-LR,"[2, 0, 0, 0, 25, 0]",RA,,,,ABC-TS-RFECV-LR,,2,0,0,0,25,0,0.665333333,0.59,0.774,0.568888889,682.633635,0.813100839,0.93,0.715555556,636.134677,0.887240553,0.853333333,0.63,600.8141108,0.80107615,0.834,0.668888889,434.8248912,0.613052392,0.834,0.668888889,434.8248912,0.613052392,0.665333333,0.59,422.0244669,0.675582194,0.815111111,0.64037037,535.2094453,0.733850753
RA-CSP-LASSO-SVM,"[2, 1, 6, 1, 0, 0]",RA,CSP,LASSO,SVM,,,2,1,6,1,0,0,0.548666667,0.558888889,0.586,0.527777778,0.249545193,0.183280873,0.788,0.771111111,0.256687546,0.181323338,0.873333333,0.725555556,0.260817862,0.197087646,0.739333333,0.608888889,0.231354237,0.183795142,0.692,0.647777778,0.22788043,0.172563076,0.548666667,0.558888889,0.250574303,0.180484128,0.704555556,0.64,0.246143262,0.183089034
RA-CSP-LASSO-MLP,"[2, 1, 6, 11, 0, 0]",RA,CSP,LASSO,MLP,,,2,1,6,11,0,0,0.55,0.574444444,0.586666667,0.528888889,0.398336864,0.162150526,0.790666667,0.766666667,0.40601542,0.201107049,0.87,0.698888889,0.481349897,0.180548453,0.738,0.606666667,0.505854368,0.183035636,0.702666667,0.664444444,0.448139,0.17006526,0.55,0.574444444,0.355722499,0.177485085,0.706333333,0.64,0.432569675,0.179065335
RA-ABC-TS-PCA-LR,"[2, 0, 0, 0, 16, 0]",RA,,,,ABC-TS-PCA-LR,,2,0,0,0,16,0,0.684,0.604444444,0.757333333,0.558888889,19.33703034,0.980951619,0.896666667,0.718888889,19.66924162,1.221687555,0.882,0.652222222,20.61339464,1.238502574,0.812666667,0.652222222,9.444671631,0.491780233,0.812666667,0.652222222,9.444671631,0.491780233,0.684,0.604444444,18.4292803,1.063515425,0.807555556,0.639814815,16.15638169,0.91470294
EA-CSP-LASSO-LR,"[1, 1, 6, 3, 0, 0]",EA,CSP,LASSO,LR,,,1,1,6,3,0,0,0.554666667,0.582222222,0.567333333,0.495555556,0.242410922,0.189199686,0.791333333,0.781111111,0.246740961,0.188764691,0.850666667,0.704444444,0.235794449,0.192653298,0.713333333,0.613333333,0.235113859,0.19235003,0.703333333,0.661111111,0.235479784,0.185826755,0.554666667,0.582222222,0.260293293,0.194569349,0.696777778,0.63962963,0.242638878,0.190560635
EA-CSP-RFECV-SVM,"[1, 1, 8, 1, 0, 0]",EA,CSP,RFECV,SVM,,,1,1,8,1,0,0,0.560666667,0.555555556,0.574,0.506666667,0.411633134,0.19542141,0.776,0.771111111,0.430054045,0.171147656,0.861333333,0.738888889,0.424163651,0.19829576,0.716,0.601111111,0.384469628,0.171545339,0.68,0.664444444,0.384389877,0.185989928,0.560666667,0.555555556,0.431219506,0.170913172,0.694666667,0.63962963,0.410988307,0.182218877
EA-ABC-TS-ANOVA-P-LR,"[1, 0, 0, 0, 31, 0]",EA,,,,ABC-TS-ANOVA-P-LR,,1,0,0,0,31,0,0.72,0.602222222,0.724666667,0.563333333,19.02576206,1.039872289,0.909333333,0.734444444,18.64487433,1.064077568,0.878,0.66,18.55396612,1.020514059,0.845333333,0.673333333,10.82809355,0.586892366,0.72,0.602222222,20.74015274,1.255428815,0.72,0.602222222,20.74015274,1.255428815,0.799555556,0.639259259,18.08883359,1.037035652
TLDUMMY-TS-PCA-RFC,"[0, 5, 5, 6, 0, 0]",TLDUMMY,TS,PCA,RFC,,,0,5,5,6,0,0,1,0.612222222,1,0.528888889,0.455203199,0.202706289,1,0.73,0.469281983,0.211850119,1,0.697777778,0.465545321,0.225598311,1,0.666666667,0.428102446,0.215796018,1,0.598888889,0.44393003,0.212997127,1,0.612222222,0.462403488,0.211523366,1,0.639074074,0.454077744,0.213411872
RA-TS-PCA-RFC,"[2, 5, 5, 6, 0, 0]",RA,TS,PCA,RFC,,,2,5,5,6,0,0,0.766666667,0.617777778,0.747333333,0.526666667,0.435288453,0.22265234,0.886,0.753333333,0.46457696,0.215589118,0.844,0.674444444,0.449834538,0.224593878,0.911333333,0.667777778,0.43497963,0.209970593,0.789333333,0.594444444,0.449058628,0.221626472,0.766666667,0.617777778,0.515469766,0.261134338,0.824111111,0.639074074,0.458201329,0.22592779
EA-CSP-ANOVA-P-ABC,"[1, 1, 2, 8, 0, 0]",EA,CSP,ANOVA-P,ABC,,,1,1,2,8,0,0,0.555333333,0.557777778,0.596666667,0.507777778,0.331600642,0.210624933,0.769333333,0.761111111,0.325769877,0.208240032,0.857333333,0.717777778,0.335533166,0.194906402,0.681333333,0.623333333,0.317948413,0.190931726,0.622,0.665555556,0.336424494,0.199948859,0.555333333,0.557777778,0.346708989,0.200100398,0.680333333,0.638888889,0.33233093,0.200792058
EA-CSP-LASSO-MLP,"[1, 1, 6, 11, 0, 0]",EA,CSP,LASSO,MLP,,,1,1,6,11,0,0,0.567333333,0.564444444,0.587333333,0.518888889,0.401601076,0.171494508,0.792,0.775555556,0.405376291,0.189690518,0.874,0.695555556,0.449056125,0.175952435,0.711333333,0.61,0.423099518,0.169889665,0.713333333,0.667777778,0.431365848,0.18482542,0.567333333,0.564444444,0.566053367,0.147311807,0.707555556,0.638703704,0.446092037,0.173194059
EA-CSP-SVM,"[1, 1, 0, 1, 0, 0]",EA,CSP,,SVM,,,1,1,0,1,0,0,0.570666667,0.594444444,0.581333333,0.505555556,0.272875023,0.182491159,0.790666667,0.762222222,0.275216866,0.185488558,0.863333333,0.705555556,0.265511227,0.192146397,0.705333333,0.605555556,0.257048798,0.168085027,0.696,0.657777778,0.244178677,0.173601699,0.570666667,0.594444444,0.284544587,0.190277314,0.701222222,0.638518519,0.266562529,0.182015026
EA-CSP-ANOVA-K-SVM,"[1, 1, 1, 1, 0, 0]",EA,CSP,ANOVA-K,SVM,,,1,1,1,1,0,0,0.570666667,0.594444444,0.581333333,0.505555556,0.256709886,0.194156504,0.790666667,0.762222222,0.242660379,0.182585835,0.863333333,0.705555556,0.236349845,0.184967232,0.705333333,0.605555556,0.238711333,0.178318071,0.696,0.657777778,0.232624125,0.177976704,0.570666667,0.594444444,0.25711112,0.182469869,0.701222222,0.638518519,0.244027781,0.183412369
EA-CSP-MIC-K-SVM,"[1, 1, 3, 1, 0, 0]",EA,CSP,MIC-K,SVM,,,1,1,3,1,0,0,0.570666667,0.594444444,0.581333333,0.505555556,0.258038354,0.190300655,0.790666667,0.762222222,0.29564147,0.211217117,0.863333333,0.705555556,0.270221353,0.186317348,0.705333333,0.605555556,0.25060029,0.185813189,0.696,0.657777778,0.253028655,0.191444206,0.570666667,0.594444444,0.28285923,0.18618269,0.701222222,0.638518519,0.268398225,0.191879201
EA-CSP-RFE-SVM,"[1, 1, 7, 1, 0, 0]",EA,CSP,RFE,SVM,,,1,1,7,1,0,0,0.570666667,0.594444444,0.581333333,0.505555556,0.244008255,0.183167744,0.790666667,0.762222222,0.258156848,0.185867834,0.863333333,0.705555556,0.256405401,0.18832612,0.705333333,0.605555556,0.230977392,0.175504684,0.696,0.657777778,0.237815952,0.175969768,0.570666667,0.594444444,0.265905237,0.195480633,0.701222222,0.638518519,0.248878181,0.184052797
EA-TS-PCA-MLP,"[1, 5, 5, 11, 0, 0]",EA,TS,PCA,MLP,,,1,5,5,11,0,0,0.851333333,0.633333333,0.776,0.565555556,0.591225219,0.203723097,0.992,0.682222222,0.557063985,0.216488385,0.950666667,0.641111111,0.565052009,0.202038741,0.915333333,0.696666667,0.621492314,0.199982858,0.641333333,0.612222222,0.524002337,0.19921248,0.851333333,0.633333333,0.616117573,0.221576309,0.854444444,0.638518519,0.579158906,0.207170312
EA-CSP-RFECV-GNB,"[1, 1, 8, 10, 0, 0]",EA,CSP,RFECV,GNB,,,1,1,8,10,0,0,0.545333333,0.546666667,0.568,0.532222222,0.242002416,0.19053452,0.734666667,0.716666667,0.236409497,0.184374905,0.86,0.726666667,0.247945809,0.191210175,0.645333333,0.624444444,0.233110332,0.188437653,0.566,0.683333333,0.235533333,0.188087726,0.545333333,0.546666667,0.262975836,0.201946115,0.653222222,0.638333333,0.242996204,0.190765182
TLDUMMY-CSP-RFECV-LDA,"[0, 1, 8, 2, 0, 0]",TLDUMMY,CSP,RFECV,LDA,,,0,1,8,2,0,0,0.582,0.601111111,0.670666667,0.52,0.247856045,0.17862823,0.799333333,0.76,0.249000406,0.189487815,0.901333333,0.717777778,0.244108939,0.189240122,0.787333333,0.604444444,0.243963218,0.190417886,0.806666667,0.625555556,0.231983638,0.186476994,0.582,0.601111111,0.266740847,0.202682877,0.757888889,0.638148148,0.247275515,0.189488987
EA-TS-PCA-RFC,"[1, 5, 5, 6, 0, 0]",EA,TS,PCA,RFC,,,1,5,5,6,0,0,0.763333333,0.624444444,0.705333333,0.536666667,0.457150245,0.216844893,0.872666667,0.744444444,0.473691344,0.226082373,0.796666667,0.686666667,0.424197125,0.207969213,0.900666667,0.644444444,0.415720057,0.220576143,0.772666667,0.592222222,0.430455685,0.203998137,0.763333333,0.624444444,0.51098454,0.217374516,0.801888889,0.638148148,0.452033166,0.215474212
RA-CSP-LR,"[2, 1, 0, 3, 0, 0]",RA,CSP,,LR,,,2,1,0,3,0,0,0.546666667,0.591111111,0.61,0.522222222,0.248933315,0.193722391,0.802666667,0.773333333,0.243392801,0.187931728,0.850666667,0.692222222,0.242944121,0.184432745,0.717333333,0.601111111,0.237071157,0.170290661,0.698,0.648888889,0.230574989,0.186769414,0.546666667,0.591111111,0.300854635,0.219996691,0.704222222,0.638148148,0.250628503,0.190523938
RA-CSP-ANOVA-K-LR,"[2, 1, 1, 3, 0, 0]",RA,CSP,ANOVA-K,LR,,,2,1,1,3,0,0,0.546666667,0.591111111,0.61,0.522222222,0.302297068,0.207282591,0.802666667,0.773333333,0.251511455,0.19094975,0.850666667,0.692222222,0.235539103,0.191557336,0.717333333,0.601111111,0.242823958,0.18182478,0.698,0.648888889,0.237650466,0.181145382,0.546666667,0.591111111,0.288745809,0.208618712,0.704222222,0.638148148,0.25976131,0.193563092
RA-CSP-MIC-K-LR,"[2, 1, 3, 3, 0, 0]",RA,CSP,MIC-K,LR,,,2,1,3,3,0,0,0.546666667,0.591111111,0.61,0.522222222,0.244789815,0.187666082,0.802666667,0.773333333,0.257825017,0.19073329,0.850666667,0.692222222,0.237185287,0.196968031,0.717333333,0.601111111,0.22069881,0.185985804,0.698,0.648888889,0.227276087,0.178625917,0.546666667,0.591111111,0.24974463,0.177099419,0.704222222,0.638148148,0.239586608,0.186179757
RA-CSP-RFE-LR,"[2, 1, 7, 3, 0, 0]",RA,CSP,RFE,LR,,,2,1,7,3,0,0,0.546666667,0.591111111,0.61,0.522222222,0.25148077,0.184392595,0.802666667,0.773333333,0.250583649,0.180671573,0.850666667,0.692222222,0.249038506,0.194503736,0.717333333,0.601111111,0.261496377,0.195332026,0.698,0.648888889,0.222980356,0.184663749,0.546666667,0.591111111,0.258275747,0.199428177,0.704222222,0.638148148,0.248975901,0.189831976
TLDUMMY-CSP-SVM,"[0, 1, 0, 1, 0, 0]",TLDUMMY,CSP,,SVM,,,0,1,0,1,0,0,0.594,0.606666667,0.675333333,0.531111111,0.731354809,0.155140066,0.805333333,0.76,1.166282654,0.163906169,0.893333333,0.696666667,1.201362324,0.164157343,0.792,0.6,1.036550045,0.149331141,0.804,0.633333333,1.033482289,0.148600888,0.594,0.606666667,1.228172755,0.155478668,0.760666667,0.637962963,1.066200813,0.156102379
TLDUMMY-CSP-ANOVA-K-SVM,"[0, 1, 1, 1, 0, 0]",TLDUMMY,CSP,ANOVA-K,SVM,,,0,1,1,1,0,0,0.594,0.606666667,0.675333333,0.531111111,0.246574497,0.192604327,0.805333333,0.76,0.258255625,0.195047283,0.893333333,0.696666667,0.252691579,0.185899806,0.792,0.6,0.244395065,0.182998824,0.804,0.633333333,0.254961753,0.173552632,0.594,0.606666667,0.263123322,0.191046,0.760666667,0.637962963,0.25333364,0.186858145
TLDUMMY-CSP-MIC-K-SVM,"[0, 1, 3, 1, 0, 0]",TLDUMMY,CSP,MIC-K,SVM,,,0,1,3,1,0,0,0.594,0.606666667,0.675333333,0.531111111,0.265947008,0.183201385,0.805333333,0.76,0.314118171,0.174807572,0.893333333,0.696666667,0.264662457,0.188837385,0.792,0.6,0.260693884,0.189681745,0.804,0.633333333,0.258692694,0.181763864,0.594,0.606666667,0.293877053,0.223537493,0.760666667,0.637962963,0.276331878,0.190304907
TLDUMMY-CSP-RFE-SVM,"[0, 1, 7, 1, 0, 0]",TLDUMMY,CSP,RFE,SVM,,,0,1,7,1,0,0,0.594,0.606666667,0.675333333,0.531111111,0.261185932,0.188489151,0.805333333,0.76,0.251158333,0.182495308,0.893333333,0.696666667,0.247562456,0.198103189,0.792,0.6,0.237492204,0.177007079,0.804,0.633333333,0.242788649,0.168062687,0.594,0.606666667,0.308357406,0.202780223,0.760666667,0.637962963,0.25809083,0.186156273
TLDUMMY-TS-PCA-MLP,"[0, 5, 5, 11, 0, 0]",TLDUMMY,TS,PCA,MLP,,,0,5,5,11,0,0,1,0.617777778,1,0.536666667,0.621755266,0.20018177,1,0.693333333,0.532671833,0.206038094,1,0.656666667,0.53507297,0.219185925,1,0.675555556,0.557325816,0.18938446,1,0.647777778,0.565946269,0.200112581,1,0.617777778,0.591674757,0.216509581,1,0.637962963,0.567407819,0.205235402
RA-CSP-LASSO-LR,"[2, 1, 6, 3, 0, 0]",RA,CSP,LASSO,LR,,,2,1,6,3,0,0,0.538,0.572222222,0.585333333,0.53,0.251816463,0.186553359,0.791333333,0.771111111,0.254681396,0.184040213,0.857333333,0.692222222,0.240991259,0.182375813,0.73,0.606666667,0.23822577,0.17479589,0.694666667,0.655555556,0.227013373,0.185472655,0.538,0.572222222,0.254762769,0.185082006,0.699444444,0.637962963,0.244581838,0.183053323
RA-TS-PCA-ETC,"[2, 5, 5, 7, 0, 0]",RA,TS,PCA,ETC,,,2,5,5,7,0,0,0.811333333,0.617777778,0.797333333,0.554444444,0.362351727,0.19500432,0.947333333,0.728888889,0.386537552,0.212011933,0.881333333,0.688888889,0.349160886,0.218585968,0.953333333,0.653333333,0.368061686,0.215081906,0.831333333,0.584444444,0.351878238,0.206803012,0.811333333,0.617777778,0.455352402,0.278429818,0.870333333,0.637962963,0.378890415,0.22098616
RA-ABC-TS-GLM,"[2, 0, 0, 0, 7, 0]",RA,,,,ABC-TS-GLM,,2,0,0,0,7,0,0.630666667,0.626666667,0.772,0.573333333,19.80102971,1.16436677,0.887333333,0.687777778,19.69503627,1.162609458,0.851333333,0.618888889,18.49484549,1.151725221,0.865333333,0.66,12.18994086,0.688074636,0.865333333,0.66,12.18994086,0.688074636,0.630666667,0.626666667,17.49733434,1.124791765,0.812,0.637777778,16.64468792,0.996607081
RA-ABC-TS-LR,"[2, 0, 0, 0, 6, 0]",RA,,,,ABC-TS-LR,,2,0,0,0,6,0,0.630666667,0.626666667,0.772,0.573333333,19.31636081,1.159835052,0.887333333,0.687777778,17.97722261,1.240398121,0.851333333,0.618888889,18.65037684,1.131558776,0.865333333,0.66,12.2214968,0.672038341,0.865333333,0.66,12.2214968,0.672038341,0.630666667,0.626666667,17.50016382,1.122780395,0.812,0.637777778,16.31451961,0.999774837
TLDUMMY-CSP-LDA,"[0, 1, 0, 2, 0, 0]",TLDUMMY,CSP,,LDA,,,0,1,0,2,0,0,0.583333333,0.606666667,0.678666667,0.516666667,0.410097098,0.168585062,0.796,0.755555556,1.03415966,0.168771839,0.891333333,0.703333333,0.60066998,0.161506271,0.796,0.605555556,0.798490262,0.130572319,0.808,0.638888889,0.610489988,0.166932702,0.583333333,0.606666667,0.767922735,0.173135257,0.758888889,0.637777778,0.703638287,0.161583908
TLDUMMY-CSP-ANOVA-K-LDA,"[0, 1, 1, 2, 0, 0]",TLDUMMY,CSP,ANOVA-K,LDA,,,0,1,1,2,0,0,0.583333333,0.606666667,0.678666667,0.516666667,0.240571117,0.195860839,0.796,0.755555556,0.248382759,0.188090205,0.891333333,0.703333333,0.241991234,0.188672638,0.796,0.605555556,0.224418044,0.187260461,0.808,0.638888889,0.225872493,0.17129221,0.583333333,0.606666667,0.258804917,0.20022099,0.758888889,0.637777778,0.240006761,0.188566224
TLDUMMY-CSP-MIC-K-LDA,"[0, 1, 3, 2, 0, 0]",TLDUMMY,CSP,MIC-K,LDA,,,0,1,3,2,0,0,0.583333333,0.606666667,0.678666667,0.516666667,0.240933466,0.193416691,0.796,0.755555556,0.251745462,0.180860758,0.891333333,0.703333333,0.238508606,0.191517019,0.796,0.605555556,0.23141346,0.180230021,0.808,0.638888889,0.236855912,0.179220915,0.583333333,0.606666667,0.24554441,0.185524607,0.758888889,0.637777778,0.240833553,0.185128335
TLDUMMY-CSP-RFE-LDA,"[0, 1, 7, 2, 0, 0]",TLDUMMY,CSP,RFE,LDA,,,0,1,7,2,0,0,0.583333333,0.606666667,0.678666667,0.516666667,0.236808157,0.188742781,0.796,0.755555556,0.251924849,0.171853065,0.891333333,0.703333333,0.243956041,0.191525578,0.796,0.605555556,0.242261767,0.199964738,0.808,0.638888889,0.226115799,0.182254839,0.583333333,0.606666667,0.246499872,0.186191368,0.758888889,0.637777778,0.241261081,0.186755395
RA-CSP-MLP,"[2, 1, 0, 11, 0, 0]",RA,CSP,,MLP,,,2,1,0,11,0,0,0.578666667,0.545555556,0.618,0.535555556,1.32772491,0.252953625,0.818,0.772222222,0.559011745,0.153339601,0.876,0.693333333,0.516410565,0.185447788,0.725333333,0.61,0.618823242,0.164008188,0.702666667,0.67,0.518088269,0.161227012,0.578666667,0.545555556,0.881710696,0.193770957,0.719777778,0.637777778,0.736961571,0.185124528
TLDUMMY-TS-MIC-P-LR,"[0, 5, 4, 3, 0, 0]",TLDUMMY,TS,MIC-P,LR,,,0,5,4,3,0,0,0.828666667,0.606666667,0.878,0.545555556,0.255206418,0.203092599,0.93,0.725555556,0.246308494,0.204324961,0.928,0.618888889,0.237913966,0.203646326,0.921333333,0.695555556,0.243222499,0.18862133,0.919333333,0.632222222,0.22432754,0.199849081,0.828666667,0.606666667,0.265289712,0.219249082,0.900888889,0.637407407,0.245378105,0.203130563
TLDUMMY-CSP-LR,"[0, 1, 0, 3, 0, 0]",TLDUMMY,CSP,,LR,,,0,1,0,3,0,0,0.584,0.602222222,0.678666667,0.533333333,0.242682934,0.197264051,0.806,0.765555556,0.453324771,0.172543049,0.892666667,0.697777778,0.456489015,0.198586607,0.784666667,0.593333333,0.40974474,0.168650913,0.790666667,0.627777778,0.416226053,0.177885962,0.584,0.602222222,0.462303543,0.209972072,0.756111111,0.636666667,0.406795176,0.187483776
TLDUMMY-CSP-ANOVA-K-LR,"[0, 1, 1, 3, 0, 0]",TLDUMMY,CSP,ANOVA-K,LR,,,0,1,1,3,0,0,0.584,0.602222222,0.678666667,0.533333333,0.248805976,0.186024332,0.806,0.765555556,0.240075326,0.18139708,0.892666667,0.697777778,0.248550248,0.201121926,0.784666667,0.593333333,0.236090374,0.1778651,0.790666667,0.627777778,0.25754838,0.170693231,0.584,0.602222222,0.260345721,0.203218532,0.756111111,0.636666667,0.248569338,0.186720033
TLDUMMY-CSP-MIC-K-LR,"[0, 1, 3, 3, 0, 0]",TLDUMMY,CSP,MIC-K,LR,,,0,1,3,3,0,0,0.584,0.602222222,0.678666667,0.533333333,0.246920109,0.192161274,0.806,0.765555556,0.242238522,0.175020289,0.892666667,0.697777778,0.238297915,0.196021032,0.784666667,0.593333333,0.242665219,0.183368134,0.790666667,0.627777778,0.228216553,0.176922202,0.584,0.602222222,0.26890049,0.226832819,0.756111111,0.636666667,0.244539801,0.191720959
TLDUMMY-CSP-LASSO-SVM,"[0, 1, 6, 1, 0, 0]",TLDUMMY,CSP,LASSO,SVM,,,0,1,6,1,0,0,0.584666667,0.585555556,0.658,0.526666667,0.241671419,0.175515079,0.798,0.77,0.261026454,0.191209078,0.892666667,0.701111111,0.234988713,0.174359918,0.792,0.595555556,0.240095162,0.165707016,0.802,0.641111111,0.242013741,0.182418275,0.584666667,0.585555556,0.254920363,0.177954483,0.754555556,0.636666667,0.245785975,0.177860641
TLDUMMY-CSP-RFE-LR,"[0, 1, 7, 3, 0, 0]",TLDUMMY,CSP,RFE,LR,,,0,1,7,3,0,0,0.584,0.602222222,0.678666667,0.533333333,0.248130178,0.183998609,0.806,0.765555556,0.267629552,0.19600184,0.892666667,0.697777778,0.246013856,0.188781166,0.784666667,0.593333333,0.235662436,0.182949424,0.790666667,0.627777778,0.223858738,0.177862024,0.584,0.602222222,0.253350091,0.202142286,0.756111111,0.636666667,0.245774142,0.188622558
EA-CSP-LASSO-SVM,"[1, 1, 6, 1, 0, 0]",EA,CSP,LASSO,SVM,,,1,1,6,1,0,0,0.552,0.56,0.570666667,0.492222222,0.240284491,0.182727432,0.780666667,0.77,0.265028,0.180708051,0.864,0.721111111,0.248081613,0.182840538,0.726,0.614444444,0.245630121,0.177439404,0.706,0.662222222,0.222283864,0.180183601,0.552,0.56,0.261605477,0.177410126,0.699888889,0.636666667,0.247152261,0.180218192
RA-CSP-PCA-LDA,"[2, 1, 5, 2, 0, 0]",RA,CSP,PCA,LDA,,,2,1,5,2,0,0,0.538,0.527777778,0.584666667,0.533333333,0.242743587,0.178084159,0.781333333,0.774444444,0.248179102,0.183428979,0.868666667,0.732222222,0.238283825,0.173623538,0.72,0.607777778,0.234823942,0.186385179,0.714,0.643333333,0.224455452,0.188747835,0.538,0.527777778,0.325726914,0.232068896,0.701111111,0.636481481,0.252368804,0.190389764
RA-TS-MIC-P-LDA,"[2, 5, 4, 2, 0, 0]",RA,TS,MIC-P,LDA,,,2,5,4,2,0,0,0.684666667,0.601111111,0.852666667,0.54,0.246494889,0.196200514,0.882666667,0.724444444,0.254649901,0.210830617,0.854,0.664444444,0.251507473,0.212158084,0.865333333,0.687777778,0.249146414,0.192093396,0.694,0.6,0.235178566,0.197923493,0.684666667,0.601111111,0.303746486,0.215967393,0.805555556,0.636296296,0.256787288,0.204195583
TLDUMMY-TS-PCA-ETC,"[0, 5, 5, 7, 0, 0]",TLDUMMY,TS,PCA,ETC,,,0,5,5,7,0,0,1,0.622222222,1,0.53,0.372697449,0.225233126,1,0.715555556,0.402545452,0.205056024,1,0.688888889,0.358329582,0.214404368,1,0.653333333,0.353622437,0.208804178,1,0.606666667,0.367174935,0.205408168,1,0.622222222,0.38345356,0.206745052,1,0.636111111,0.372970569,0.210941819
EA-TS-MIC-P-MLP,"[1, 5, 4, 11, 0, 0]",EA,TS,MIC-P,MLP,,,1,5,4,11,0,0,0.760666667,0.584444444,0.792666667,0.524444444,0.675430322,0.234778976,0.952,0.731111111,0.594103146,0.186250877,0.862,0.657777778,0.610458755,0.216151118,0.925333333,0.697777778,0.690582585,0.205371737,0.744666667,0.621111111,0.644632649,0.206404209,0.760666667,0.584444444,0.77724514,0.22407589,0.839555556,0.636111111,0.665408766,0.212172135
RA-CSP-ANOVA-P-KNN,"[2, 1, 2, 4, 0, 0]",RA,CSP,ANOVA-P,KNN,,,2,1,2,4,0,0,0.546,0.531111111,0.590666667,0.504444444,0.265143156,0.213370633,0.804,0.794444444,0.242535996,0.193776393,0.845333333,0.744444444,0.252490139,0.203940773,0.67,0.59,0.237879705,0.19382863,0.636,0.652222222,0.228616953,0.190887976,0.546,0.531111111,0.256270075,0.19688344,0.682,0.636111111,0.247156004,0.198781308
RA-CSP-PCA-SVM,"[2, 1, 5, 1, 0, 0]",RA,CSP,PCA,SVM,,,2,1,5,1,0,0,0.539333333,0.533333333,0.57,0.542222222,0.254350948,0.175807381,0.782666667,0.784444444,0.252994227,0.193420839,0.867333333,0.715555556,0.245312572,0.191095424,0.7,0.598888889,0.23382957,0.182868242,0.700666667,0.642222222,0.246514893,0.185194945,0.539333333,0.533333333,0.28689127,0.204664779,0.693333333,0.636111111,0.25331558,0.188841935
EA-CSP-PCA-GNB,"[1, 1, 5, 10, 0, 0]",EA,CSP,PCA,GNB,,,1,1,5,10,0,0,0.530666667,0.525555556,0.560666667,0.542222222,0.237174654,0.187029743,0.778666667,0.788888889,0.240314913,0.189908314,0.844,0.702222222,0.2434659,0.192203283,0.670666667,0.603333333,0.233873749,0.192893028,0.717333333,0.653333333,0.224326539,0.185709953,0.530666667,0.525555556,0.264042926,0.189314818,0.683666667,0.635925926,0.240533113,0.189509857
